name,smiles,homo,lumo,gap,type,MaxAbsEStateIndex,MaxEStateIndex,MinAbsEStateIndex,MinEStateIndex,qed,SPS,MolWt,HeavyAtomMolWt,ExactMolWt,NumValenceElectrons,NumRadicalElectrons,MaxPartialCharge,MinPartialCharge,MaxAbsPartialCharge,MinAbsPartialCharge,FpDensityMorgan1,FpDensityMorgan2,FpDensityMorgan3,BCUT2D_MWHI,BCUT2D_MWLOW,BCUT2D_CHGHI,BCUT2D_CHGLO,BCUT2D_LOGPHI,BCUT2D_LOGPLOW,BCUT2D_MRHI,BCUT2D_MRLOW,AvgIpc,BalabanJ,BertzCT,Chi0,Chi0n,Chi0v,Chi1,Chi1n,Chi1v,Chi2n,Chi2v,Chi3n,Chi3v,Chi4n,Chi4v,HallKierAlpha,Ipc,Kappa1,Kappa2,Kappa3,LabuteASA,PEOE_VSA1,PEOE_VSA10,PEOE_VSA11,PEOE_VSA12,PEOE_VSA13,PEOE_VSA14,PEOE_VSA2,PEOE_VSA3,PEOE_VSA4,PEOE_VSA5,PEOE_VSA6,PEOE_VSA7,PEOE_VSA8,PEOE_VSA9,SMR_VSA1,SMR_VSA10,SMR_VSA2,SMR_VSA3,SMR_VSA4,SMR_VSA5,SMR_VSA6,SMR_VSA7,SMR_VSA8,SMR_VSA9,SlogP_VSA1,SlogP_VSA10,SlogP_VSA11,SlogP_VSA12,SlogP_VSA2,SlogP_VSA3,SlogP_VSA4,SlogP_VSA5,SlogP_VSA6,SlogP_VSA7,SlogP_VSA8,SlogP_VSA9,TPSA,EState_VSA1,EState_VSA10,EState_VSA11,EState_VSA2,EState_VSA3,EState_VSA4,EState_VSA5,EState_VSA6,EState_VSA7,EState_VSA8,EState_VSA9,VSA_EState1,VSA_EState10,VSA_EState2,VSA_EState3,VSA_EState4,VSA_EState5,VSA_EState6,VSA_EState7,VSA_EState8,VSA_EState9,FractionCSP3,HeavyAtomCount,NHOHCount,NOCount,NumAliphaticCarbocycles,NumAliphaticHeterocycles,NumAliphaticRings,NumAmideBonds,NumAromaticCarbocycles,NumAromaticHeterocycles,NumAromaticRings,NumAtomStereoCenters,NumBridgeheadAtoms,NumHAcceptors,NumHDonors,NumHeteroatoms,NumHeterocycles,NumRotatableBonds,NumSaturatedCarbocycles,NumSaturatedHeterocycles,NumSaturatedRings,NumSpiroAtoms,NumUnspecifiedAtomStereoCenters,Phi,RingCount,MolLogP,MolMR,fr_Al_COO,fr_Al_OH,fr_Al_OH_noTert,fr_ArN,fr_Ar_COO,fr_Ar_N,fr_Ar_NH,fr_Ar_OH,fr_COO,fr_COO2,fr_C_O,fr_C_O_noCOO,fr_C_S,fr_HOCCN,fr_Imine,fr_NH0,fr_NH1,fr_NH2,fr_N_O,fr_Ndealkylation1,fr_Ndealkylation2,fr_Nhpyrrole,fr_SH,fr_aldehyde,fr_alkyl_carbamate,fr_alkyl_halide,fr_allylic_oxid,fr_amide,fr_amidine,fr_aniline,fr_aryl_methyl,fr_azide,fr_azo,fr_barbitur,fr_benzene,fr_benzodiazepine,fr_bicyclic,fr_diazo,fr_dihydropyridine,fr_epoxide,fr_ester,fr_ether,fr_furan,fr_guanido,fr_halogen,fr_hdrzine,fr_hdrzone,fr_imidazole,fr_imide,fr_isocyan,fr_isothiocyan,fr_ketone,fr_ketone_Topliss,fr_lactam,fr_lactone,fr_methoxy,fr_morpholine,fr_nitrile,fr_nitro,fr_nitro_arom,fr_nitro_arom_nonortho,fr_nitroso,fr_oxazole,fr_oxime,fr_para_hydroxylation,fr_phenol,fr_phenol_noOrthoHbond,fr_phos_acid,fr_phos_ester,fr_piperdine,fr_piperzine,fr_priamide,fr_prisulfonamd,fr_pyridine,fr_quatN,fr_sulfide,fr_sulfonamd,fr_sulfone,fr_term_acetylene,fr_tetrazole,fr_thiazole,fr_thiocyan,fr_thiophene,fr_unbrch_alkane,fr_urea
LiBOB,[Li+].O=C1OB(O1)(OC2=O)C(=O)O2,-8.12,0.32,8.44,B,11.621666666666666,11.621666666666666,0.0,-4.648148148148149,0.2606854355036014,21.0,143.767,143.767,144.00177487,50,0,1.0,-0.592566205773561,1.0,0.592566205773561,1.1,1.4,1.5,0.0,0.0,0.0,0.0,0.0,0.0,0.0,0.0,1.7919017249340732,8.099998798500182e-07,164.09640474436813,7.068914100752346,4.966272377063532,4.966272377063532,4.011637233826859,1.9743368821907428,1.9743368821907428,1.345669194825115,1.345669194825115,0.6551420478692496,0.6551420478692496,0.36950391596236587,0.36950391596236587,-0.5376623376623378,82.42747934696736,9.462337662337662,2.600154682308523,1.7195437534749676,66.10369726274627,17.940034055243174,0.0,0.0,0.0,0.0,37.90505358688048,0.0,9.589074368143644,0.0,0.0,0.0,0.0,0.0,0.0,46.38971163466144,19.044450375605862,0.0,0.0,0.0,0.0,0.0,0.0,0.0,0.0,18.860603211274622,8.631317787192485,0.0,0.0,19.044450375605862,18.897790636194337,0.0,0.0,0.0,0.0,0.0,0.0,52.6,19.044450375605862,18.22039215533613,0.0,18.860603211274622,0.0,0.0,0.0,0.0,0.0,9.308716268050691,0.0,29.60212962962963,0.0,19.65712962962963,0.0,0.0,-3.2777777777777772,0.0,0.0,0.0,-4.648148148148149,0.0,10,0,4,0,1,1,0,0,0,0,0,0,4,0,8,1,0,0,1,1,0,0,2.4603541578311554,1,-3.5350000000000006,20.154000000000003,0,0,0,0,0,0,0,0,0,0,2,2,0,0,0,0,0,0,0,0,0,0,0,0,0,0,0,0,0,0,0,0,0,0,0,0,0,0,0,0,0,0,0,0,2,0,0,0,0,0,0,0,0,0,0,0,0,0,0,0,0,0,0,0,0,0,0,0,0,0,0,0,0,0,0,0,0,0,0,0,0,0,0,0,0
LiDFOB,[Li+].O=C1O[B-](F)(F)OC1=O,-8.45,-0.15,8.3,B,9.75,9.75,0.0,-6.0,0.24769866782472053,10.0,93.74500000000002,93.74500000000002,94.01892283000001,32,0,1.0,-0.41830327965626324,1.0,0.41830327965626324,0.8333333333333334,0.8333333333333334,0.8333333333333334,0.0,0.0,0.0,0.0,0.0,0.0,0.0,0.0,0.7219280948873623,0.0,23.019550008653873,4.5,3.089208161226535,3.089208161226535,2.0,0.8728715609439696,0.8728715609439696,0.49487165930539356,0.49487165930539356,0.0,0.0,0.0,0.0,0.3823376623376621,3.6096404744368114,9.627421416826596,2.5375993829091974,342.9616810578956,44.189228203482294,17.26263557438497,0.0,0.0,0.0,0.0,26.11501156435733,0.0,0.0,0.0,0.0,0.0,0.0,0.0,0.0,36.123238785659595,7.25440835308271,0.0,0.0,0.0,0.0,0.0,0.0,0.0,0.0,18.860603211274622,17.26263557438497,0.0,0.0,7.25440835308271,0.0,0.0,0.0,0.0,0.0,0.0,0.0,0.0,7.25440835308271,17.26263557438497,0.0,18.860603211274622,0.0,0.0,0.0,0.0,0.0,0.0,0.0,39.0,0.0,0.0,0.0,0.0,0.0,0.0,0.0,0.0,-6.0,0.0,6,0,0,0,0,0,0,0,0,0,0,0,0,0,6,0,0,0,0,0,0,0,4.07175644105766,0,-1.6960000000000006,10.186000000000002,0,0,0,0,0,0,0,0,0,0,0,0,0,0,0,0,0,0,0,0,0,0,0,0,0,0,0,0,0,0,0,0,0,0,0,0,0,0,0,0,0,0,0,0,4,0,0,0,0,0,0,0,0,0,0,0,0,0,0,0,0,0,0,0,0,0,0,0,0,0,0,0,0,0,0,0,0,0,0,0,0,0,0,0,0
LiBF4,[Li+].[B-](F)(F)(F)F,-9.01,-0.52,8.49,B,5.953750000000001,5.953750000000001,0.45370370370370416,-1.6253858024691359,0.695689554499412,14.0625,278.382,251.16599999999997,278.136104714,96,0,0.6061454563781291,-0.42951367507204474,0.6061454563781291,0.42951367507204474,0.5,0.6875,0.8125,28.35491504566915,10.281680963570242,2.3642875198578013,-2.313468726001354,2.1571630945100617,-2.488539926302249,6.830018928590953,0.2997450029014238,1.6985288915192625,4.525741017282253,179.47067498701918,13.19867061274927,12.302095140581216,15.302095140581216,6.785405043171411,5.819479216882343,16.044224088273932,6.97934583227547,20.360687227636788,1.349335306374634,4.048005919123904,0.9381941874331419,3.247595264191647,0.5955844155844155,721.8747788956865,16.595584415584415,5.491997607209969,11.092104259900566,104.43987806525408,13.030500619033642,0.0,24.952179758098616,0.0,0.0,7.3212123586851945,0.0,0.0,0.0,0.0,0.0,58.92310218312978,0.0,0.0,13.030500619033642,32.27339211678381,0.0,0.0,0.0,58.92310218312978,0.0,0.0,0.0,0.0,0.0,0.0,0.0,0.0,32.27339211678381,13.030500619033642,0.0,0.0,0.0,58.92310218312978,0.0,0.0,27.69,32.27339211678381,0.0,0.0,0.0,0.0,0.0,0.0,0.0,0.0,58.92310218312978,13.030500619033642,17.861250000000002,0.0,0.0,0.0,0.0,0.0,0.0,0.0,19.385277777777777,-5.329861111111112,1.0,16,0,3,0,0,0,0,0,0,0,0,0,3,0,7,0,6,0,0,0,0,0,5.696431868790041,0,3.525800000000002,79.04700000000005,0,0,0,0,0,0,0,0,0,0,0,0,0,0,0,0,0,0,0,0,0,0,0,0,0,0,0,0,0,0,0,0,0,0,0,0,0,0,0,0,0,0,0,0,0,0,0,0,0,0,0,0,0,0,0,0,0,0,0,0,0,0,0,0,0,0,0,0,0,0,0,0,0,0,0,0,0,0,0,0,0,0,0,0,0
TMSB,B(O[Si](C)(C)C)(O[Si](C)(C)C)O[Si](C)(C)C,-7.98,-0.18,7.8,B,7.166666666666667,7.166666666666667,2.166666666666667,-2.166666666666667,0.2827937198183339,6.75,61.833000000000006,58.809000000000005,62.017524355999996,24,0,0.6306456328238041,-0.4018195480003625,0.6306456328238041,0.4018195480003625,1.0,1.0,1.0,16.526024042221817,10.286975957778171,1.9224727044657288,-1.6916466196422872,1.3986316102504235,-2.0667316102504234,6.301841036939469,0.2779589630605319,0.8112781244591328,2.3237900077244498,8.0,3.5773502691896257,1.9189910556894996,1.9189910556894996,1.7320508075688772,0.7745966692414834,0.7745966692414834,0.34641016151377546,0.34641016151377546,0.0,0.0,0.0,0.0,-0.05506493506493516,3.2451124978365313,3.944935064935065,1.2845011259687569,572.7416598780339,23.684517280895907,15.07206772519801,0.0,0.0,0.0,0.0,7.3212123586851945,0.0,0.0,0.0,0.0,0.0,0.0,0.0,0.0,15.07206772519801,7.3212123586851945,0.0,0.0,0.0,0.0,0.0,0.0,0.0,0.0,0.0,0.0,0.0,0.0,22.3932800838832,0.0,0.0,0.0,0.0,0.0,0.0,0.0,60.69,7.3212123586851945,0.0,0.0,0.0,0.0,0.0,0.0,0.0,0.0,0.0,15.07206772519801,0.0,0.0,0.0,21.5,0.0,0.0,0.0,0.0,0.0,-2.166666666666667,0.0,4,3,3,0,0,0,0,0,0,0,0,0,3,3,4,0,0,0,0,0,0,0,1.2668183831956805,0,-2.0518,12.4104,0,0,0,0,0,0,0,0,0,0,0,0,0,0,0,0,0,0,0,0,0,0,0,0,0,0,0,0,0,0,0,0,0,0,0,0,0,0,0,0,0,0,0,0,0,0,0,0,0,0,0,0,0,0,0,0,0,0,0,0,0,0,0,0,0,0,0,0,0,0,0,0,0,0,0,0,0,0,0,0,0,0,0,0,0
BoricAcid,B(O)(O)O,-8.54,0.45,8.99,B,4.604166666666667,4.604166666666667,0.5138888888888893,-0.5138888888888893,0.4679875811398659,9.0,103.914,94.842,104.06447454799999,42,0,0.6383004523324126,-0.388689817804141,0.6383004523324126,0.388689817804141,0.8571428571428571,1.1428571428571428,1.1428571428571428,16.722035283078483,10.235760609172377,2.119618793970451,-2.011159137349125,1.806513883185249,-2.2075313860693804,6.355571023018285,0.16339415057356402,1.719973094021975,2.9923028831940854,31.65148445440323,5.698670612749268,4.802095140581216,4.802095140581216,3.3460652149512318,1.931851652578137,1.931851652578137,0.9957819157813607,0.9957819157813607,0.577350269189626,0.577350269189626,0.288675134594813,0.288675134594813,-0.05506493506493516,34.3994618804395,6.944935064935065,4.1131454808735475,2.6177767286889972,43.73727805601834,13.963074402076037,0.0,0.0,0.0,0.0,7.3212123586851945,0.0,0.0,0.0,0.0,0.0,0.0,21.3293926238326,0.0,13.963074402076037,7.3212123586851945,0.0,0.0,0.0,0.0,21.3293926238326,0.0,0.0,0.0,0.0,0.0,0.0,0.0,28.650604982517795,13.963074402076037,0.0,0.0,0.0,0.0,0.0,0.0,27.69,7.3212123586851945,0.0,0.0,0.0,0.0,0.0,21.3293926238326,0.0,0.0,13.963074402076037,0.0,13.8125,0.0,0.0,0.0,0.0,0.0,0.0,0.0,0.0,4.020833333333332,1.0,7,0,3,0,0,0,0,0,0,0,0,0,3,0,4,0,3,0,0,0,0,0,4.0807897538997,0,-0.08950000000000014,26.780999999999988,0,0,0,0,0,0,0,0,0,0,0,0,0,0,0,0,0,0,0,0,0,0,0,0,0,0,0,0,0,0,0,0,0,0,0,0,0,0,0,0,0,0,0,0,0,0,0,0,0,0,0,0,0,0,0,0,0,0,0,0,0,0,0,0,0,0,0,0,0,0,0,0,0,0,0,0,0,0,0,0,0,0,0,0,0
TriMeBorate,B(OC)(OC)OC,-8.21,0.28,8.49,B,5.078333333333333,5.078333333333333,0.47222222222222276,-0.47222222222222276,0.5244223467220965,9.9,145.99499999999998,130.87499999999997,146.11142474,60,0,0.6388845626000994,-0.38617934117722463,0.6388845626000994,0.38617934117722463,0.8,1.1,1.3,16.73122568334502,10.210805150913862,2.172502216360128,-2.09315395736772,1.9048939447119646,-2.265221664791423,6.35805594022834,0.10683575555131833,1.8962594154766206,3.29508211630496,55.74860596185443,7.819990956308912,6.9234154841408575,6.9234154841408575,4.846065214951232,3.6944525285306287,3.6944525285306287,1.6547005383792515,1.6547005383792515,0.9082482904638634,0.9082482904638634,0.5525858577612697,0.5525858577612697,-0.05506493506493516,153.59701265360627,9.944935064935065,7.056730174987915,4.78930335883094,62.83210439920814,13.963074402076037,0.0,0.0,0.0,0.0,7.3212123586851945,0.0,0.0,0.0,0.0,0.0,20.771211599071872,19.820645893538753,0.0,13.963074402076037,7.3212123586851945,0.0,0.0,0.0,20.771211599071872,19.820645893538753,0.0,0.0,0.0,0.0,0.0,0.0,0.0,27.14185825222395,13.963074402076037,0.0,20.771211599071872,0.0,0.0,0.0,0.0,27.69,7.3212123586851945,0.0,0.0,0.0,19.820645893538753,0.0,0.0,0.0,20.771211599071872,0.0,13.963074402076037,15.235,0.0,0.0,0.0,0.0,0.0,0.0,0.0,7.570555555555556,-0.47222222222222276,1.0,10,0,3,0,0,0,0,0,0,0,0,0,3,0,4,0,6,0,0,0,0,0,7.017872336102267,0,1.0808,40.63200000000001,0,0,0,0,0,0,0,0,0,0,0,0,0,0,0,0,0,0,0,0,0,0,0,0,0,0,0,0,0,0,0,0,0,0,0,0,0,0,0,0,0,0,0,0,0,0,0,0,0,0,0,0,0,0,0,0,0,0,0,0,0,0,0,0,0,0,0,0,0,0,0,0,0,0,0,0,0,0,0,0,0,0,0,0,0
TriEtBorate,B(OCC)(OCC)OCC,-7.89,0.35,8.24,B,8.57925925925926,8.57925925925926,0.5254629629629635,-1.3414814814814815,0.4863557451376725,9.11111111111111,121.93199999999996,114.87599999999998,122.05390986399999,46,0,0.4879173224194049,-0.4231769588375584,0.4879173224194049,0.4231769588375584,1.0,1.5555555555555556,1.8888888888888888,16.376424021565185,9.80566690014443,2.069107307903089,-1.9387945151200463,1.8150047251271642,-2.2855509468846473,6.580468552907992,0.4255406310274662,1.9003726279897948,2.848234050597751,173.67255142981625,6.69023444431199,4.858528806137671,4.858528806137671,4.304530452640311,2.715756516612095,2.715756516612095,1.7843525461080458,1.7843525461080458,1.0977148884118204,1.0977148884118204,0.6251715119636216,0.6251715119636216,-0.7950649350649353,129.22533870330605,6.326812933813471,2.6636923395240744,1.5546835898898723,53.912474640382534,10.048045150132006,0.0,0.0,0.0,0.0,7.118392334224363,0.0,0.0,0.0,0.0,30.33183534230805,5.462803260414833,0.0,0.0,10.048045150132006,12.581195594639196,0.0,0.0,0.0,0.0,0.0,30.33183534230805,0.0,0.0,5.462803260414833,0.0,0.0,0.0,17.16643748435637,0.0,0.0,0.0,30.33183534230805,0.0,0.0,0.0,40.46,7.118392334224363,0.0,0.0,0.0,5.462803260414833,0.0,0.0,24.26546827384644,6.06636706846161,0.0,10.048045150132006,0.0,0.0,0.0,17.15851851851852,0.5254629629629635,0.0,8.6575,0.0,0.0,-1.3414814814814815,0.0,9,2,2,0,0,0,0,1,0,1,0,0,2,2,3,0,1,0,0,0,0,0,1.8725203494889753,1,-0.6336000000000004,36.267600000000016,0,0,0,0,0,0,0,0,0,0,0,0,0,0,0,0,0,0,0,0,0,0,0,0,0,0,0,0,0,0,0,0,0,0,1,0,0,0,0,0,0,0,0,0,0,0,0,0,0,0,0,0,0,0,0,0,0,0,0,0,0,0,0,0,0,0,0,0,0,0,0,0,0,0,0,0,0,0,0,0,0,0,0,0,0
BenzeneBoronic,OB(O)c1ccccc1,-7.45,-0.52,6.93,B,5.92787037037037,5.92787037037037,0.23962962962963008,-0.2564403817082388,0.6509366029534512,23.066666666666666,204.078,186.94199999999995,204.13216018399999,80,0,0.49433009438853487,-0.39935272258371374,0.49433009438853487,0.39935272258371374,0.8666666666666667,1.3333333333333333,1.8,16.667341600267843,9.792069193941163,2.510361928123557,-2.318938754956428,2.357965668076651,-2.41220591564565,6.615980737233963,0.005784435120590248,2.3770987241473795,2.2390684186072294,329.8995688568715,11.104448006685086,9.780598196065483,9.780598196065483,6.9234332763753335,5.329011548372667,5.329011548372667,4.998933894338586,4.998933894338586,3.324984801569772,3.324984801569772,1.5893180042514372,1.5893180042514372,-0.7950649350649353,2462.6742782166853,10.713778245479064,3.3573712908271407,1.8171850080153897,91.73491912785471,9.308716268050691,0.0,0.0,0.0,0.0,7.118392334224363,0.0,0.0,0.0,0.0,30.33183534230805,33.15775205917733,0.0,11.202101621967376,9.308716268050691,12.581195594639196,0.0,0.0,0.0,38.89705042072987,0.0,30.33183534230805,0.0,0.0,5.462803260414833,0.0,0.0,0.0,18.32049395619174,9.308716268050691,0.0,27.694948798762496,30.33183534230805,0.0,0.0,0.0,18.46,0.0,0.0,0.0,18.32049395619174,0.0,5.462803260414833,0.0,0.0,30.33183534230805,27.694948798762496,9.308716268050691,11.85574074074074,0.0,0.0,0.0,0.566887755102041,0.0,10.055334467120181,0.0,8.261666666666667,-0.23962962962963008,0.5,15,0,2,0,1,1,0,1,0,1,0,0,2,0,3,1,1,0,1,1,0,0,2.398008766510652,2,1.9857999999999998,62.158000000000044,0,0,0,0,0,0,0,0,0,0,0,0,0,0,0,0,0,0,0,0,0,0,0,0,0,0,0,0,0,0,0,0,0,0,1,0,0,0,0,0,0,0,0,0,0,0,0,0,0,0,0,0,0,0,0,0,0,0,0,0,0,0,0,0,0,0,0,0,0,0,0,0,0,0,0,0,0,0,0,0,0,0,0,0,0
BPinacol,B1(OC(C)(C)C(C)(C)O1)c2ccccc2,-7.12,-0.38,6.74,B,9.077280801209373,9.077280801209373,0.5537962962962968,-1.3971296296296305,0.6152203828586594,10.307692307692308,171.992,162.91999999999996,172.069559928,64,0,0.488558767616234,-0.42316327279253196,0.488558767616234,0.42316327279253196,0.8461538461538461,1.5384615384615385,2.3076923076923075,16.376470995812916,9.77104769926723,2.125064060297675,-2.034867089443525,2.099834583316103,-2.297114279753503,6.614686383763308,0.4259876800094132,2.165908407119638,2.756733762067337,420.6991890825721,9.259148545064338,7.013229344516924,7.013229344516924,6.287693700234703,4.126440119135054,4.126440119135054,2.942044616559152,2.942044616559152,2.101532203134054,2.101532203134054,1.4756144098912651,1.4756144098912651,-1.3150649350649353,1269.222326572108,8.290745443616071,3.2044859709038733,1.4366819708602179,76.59413917211774,10.048045150132006,0.0,0.0,0.0,0.0,7.118392334224363,0.0,0.0,0.0,0.0,42.46456947923127,16.235251689344423,0.0,0.0,10.048045150132006,23.353644023568787,0.0,0.0,0.0,0.0,0.0,42.46456947923127,0.0,0.0,5.462803260414833,0.0,0.0,0.0,17.16643748435637,0.0,0.0,0.0,42.46456947923127,0.0,10.772448428929591,0.0,40.46,7.118392334224363,0.0,0.0,0.0,5.462803260414833,10.772448428929591,0.0,6.06636706846161,36.39820241076966,0.0,10.048045150132006,0.0,0.0,0.0,20.064839380196524,0.5537962962962968,0.0,13.111827286470144,0.0,0.0,-1.3971296296296305,0.0,13,2,2,0,0,0,0,2,0,2,0,0,2,2,3,0,1,0,0,0,0,0,2.0436598048002237,2,0.5195999999999997,53.77360000000003,0,0,0,0,0,0,0,0,0,0,0,0,0,0,0,0,0,0,0,0,0,0,0,0,0,0,0,0,0,0,0,0,0,0,2,0,1,0,0,0,0,0,0,0,0,0,0,0,0,0,0,0,0,0,0,0,0,0,0,0,0,0,0,0,0,0,0,0,0,0,0,0,0,0,0,0,0,0,0,0,0,0,0,0,0
BNaphthol,OB(O)c1cccc2ccccc12,-6.98,-0.61,6.37,B,10.652777777777779,10.652777777777779,1.257716049382716,-3.162037037037037,0.5489963488159847,11.875,140.075,131.003,140.02384539800002,50,0,0.47346724969102466,-0.2902439117977184,0.47346724969102466,0.2902439117977184,1.0,1.25,1.25,31.204920954029216,11.766808512618766,2.1830345487479237,-2.0756035270739543,2.45620258886362,-1.8818412757652774,7.479383036728161,0.17781349260063256,1.8672649607197351,3.7910098125875025,82.43699516085105,6.621320343559643,5.08020675735541,5.974633948355327,3.6819805153394642,1.9550416147318108,3.415635101412254,0.9949361530051241,2.9848084590153734,0.6708203932499369,2.012461179749811,0.22360679774997902,0.670820393249937,0.10999999999999999,52.28341890015258,8.109999999999998,3.1982710523049778,1.922411060811812,48.359381619618496,0.0,0.0,0.0,0.0,0.0,7.822697123132171,13.571241485135452,4.565048284931329,0.0,0.0,0.0,0.0,21.3293926238326,0.0,18.13628977006678,7.822697123132171,0.0,0.0,0.0,0.0,21.3293926238326,0.0,0.0,0.0,0.0,0.0,0.0,7.822697123132171,21.3293926238326,18.13628977006678,0.0,0.0,0.0,0.0,0.0,0.0,44.760000000000005,7.822697123132171,4.565048284931329,0.0,0.0,0.0,0.0,21.3293926238326,0.0,0.0,13.571241485135452,0.0,23.694444444444443,0.0,0.0,0.0,0.0,0.0,0.0,0.0,0.0,0.6111111111111107,1.0,8,0,4,0,0,0,0,0,0,0,0,0,4,0,5,0,3,0,0,0,0,0,3.2422472792741703,0,1.0337,28.633499999999987,0,0,0,0,0,0,0,0,0,0,0,0,0,0,0,0,0,0,0,0,0,0,0,0,0,0,0,0,0,0,0,0,0,0,0,0,0,0,0,0,0,0,0,0,0,0,0,0,0,0,0,0,0,0,0,0,0,0,0,0,0,0,0,0,0,0,0,1,1,0,0,0,0,0,0,0,0,0,0,0,0,0,0,0,0
TMP,COP(=O)(OC)OC,-7.55,1.23,8.78,P,11.346527777777778,11.346527777777778,0.3306327160493827,-3.219328703703704,0.5904722914889335,11.909090909090908,182.15599999999998,167.03599999999997,182.07079559,68,0,0.4742480477050508,-0.2871683552461137,0.4742480477050508,0.2871683552461137,0.9090909090909091,1.1818181818181819,1.3636363636363635,31.204924440637367,10.904979163005013,2.2316975035698414,-2.1404633565541014,2.483005603841298,-1.987872474766331,7.48014000166394,0.12608232029319896,1.8813889835941084,3.908471949775869,112.769535289866,8.742640687119287,7.201527100915053,8.09595429191497,5.181980515339465,3.717642490684303,5.178235977364746,1.7005373339051382,3.369561194146539,0.8616399836459987,2.584919950937996,0.5861450479002465,1.7584351437007397,0.10999999999999999,203.19001022816371,11.110000000000001,5.7213645832552,4.534240771185683,67.4542079628083,0.0,0.0,0.0,0.0,0.0,7.822697123132171,13.571241485135452,4.565048284931329,0.0,0.0,0.0,20.771211599071872,0.0,19.820645893538753,18.13628977006678,7.822697123132171,0.0,0.0,0.0,20.771211599071872,19.820645893538753,0.0,0.0,0.0,0.0,0.0,0.0,7.822697123132171,19.820645893538753,18.13628977006678,0.0,20.771211599071872,0.0,0.0,0.0,0.0,44.760000000000005,7.822697123132171,4.565048284931329,0.0,0.0,19.820645893538753,0.0,0.0,20.771211599071872,0.0,0.0,13.571241485135452,25.810694444444447,0.0,0.0,0.0,0.0,0.0,0.0,0.0,6.214189814814816,-3.219328703703704,1.0,11,0,4,0,0,0,0,0,0,0,0,0,4,0,5,0,6,0,0,0,0,0,5.778578229087753,0,2.2039999999999997,42.48450000000001,0,0,0,0,0,0,0,0,0,0,0,0,0,0,0,0,0,0,0,0,0,0,0,0,0,0,0,0,0,0,0,0,0,0,0,0,0,0,0,0,0,0,0,0,0,0,0,0,0,0,0,0,0,0,0,0,0,0,0,0,0,0,0,0,0,0,0,1,1,0,0,0,0,0,0,0,0,0,0,0,0,0,0,0,0
TEP,CCOP(=O)(OCC)OCC,-7.23,1.45,8.68,P,11.732771400226758,11.732771400226758,2.4027856512975556,-5.668703703703703,0.5427053137709975,14.65,344.066,338.018,343.98599928199997,122,0,0.4752387265948788,-0.2772957237062787,0.4752387265948788,0.2772957237062787,0.6,0.8,0.95,31.20492610558334,10.729013875520758,2.418522515367126,-2.1967022112145114,2.51680167164061,-2.22705108646937,7.480314350199346,-0.18047182484823301,2.184293420779908,4.7120440351468,293.51384754868366,16.242640687119287,9.103207357998096,9.997634548998011,8.621320343559644,4.3578224474460034,5.818415934126446,3.1130573634759733,4.782081223717371,1.158981069366611,2.4949627020378666,0.5685517398010379,1.705655219403114,-0.52,5838.616313744695,19.48,6.497254298385954,11.31868408203125,104.94402658914443,0.0,0.0,19.820645893538753,0.0,0.0,26.351592675462594,13.571241485135452,4.565048284931329,39.513735429073385,0.0,0.0,0.0,0.0,0.0,57.65002519914017,7.822697123132171,0.0,0.0,0.0,18.528895552330425,19.820645893538753,0.0,0.0,0.0,0.0,39.513735429073385,0.0,7.822697123132171,38.34954144586918,18.13628977006678,0.0,0.0,0.0,0.0,0.0,0.0,44.760000000000005,46.17223856900135,44.078783714004715,0.0,0.0,0.0,0.0,0.0,0.0,0.0,13.571241485135452,0.0,126.89438704648524,0.0,0.0,0.0,0.0,0.0,0.0,-15.461770833333333,-7.208356953892668,-5.668703703703703,1.0,20,0,4,0,0,0,0,0,0,0,0,0,4,0,14,0,6,0,0,0,0,0,6.328325686627919,0,3.831200000000001,43.627500000000005,0,0,0,0,0,0,0,0,0,0,0,0,0,0,0,0,0,0,0,0,0,0,0,0,0,9,0,0,0,0,0,0,0,0,0,0,0,0,0,0,0,0,0,0,9,0,0,0,0,0,0,0,0,0,0,0,0,0,0,0,0,0,0,0,0,0,0,1,1,0,0,0,0,0,0,0,0,0,0,0,0,0,0,0,0
TFEP,FC(F)(F)COP(=O)(OCC(F)(F)F)OCC(F)(F)F,-8.67,-0.61,8.06,P,13.054733560090705,13.054733560090705,0.40527368354749327,-3.885046296296297,0.5742135685165858,10.782608695652174,326.288,311.16800000000006,326.07079559000005,116,0,0.6465784287099288,-0.38593055933670495,0.6465784287099288,0.38593055933670495,0.4782608695652174,0.7391304347826086,1.0,31.204927101238265,10.345280784600156,2.325046634028452,-2.188581742892999,2.490362236422649,-2.0697093307518677,7.493709006489081,0.2982360416195797,2.5696050187357953,1.868683541996186,667.7177523421716,15.959972868926739,12.240460795199802,13.134887986199717,11.23489478595459,7.074719986604895,8.535313473285335,4.660232463007966,6.102382211513049,2.8812534581515887,4.184529383435202,1.8872599033520168,3.1388083431386034,-2.709999999999999,233690.15882390816,15.195897846024538,7.033331573811471,4.378731120309202,134.43583789462076,13.571241485135452,17.248535499851716,0.0,0.0,0.0,7.822697123132171,0.0,0.0,4.565048284931329,0.0,54.59730361615449,36.39820241076966,0.0,0.0,18.13628977006678,7.822697123132171,0.0,0.0,0.0,0.0,0.0,90.99550602692418,0.0,17.248535499851716,13.571241485135452,0.0,17.248535499851716,7.822697123132171,0.0,4.565048284931329,0.0,0.0,90.99550602692418,0.0,0.0,0.0,44.760000000000005,7.822697123132171,4.565048284931329,0.0,0.0,17.248535499851716,0.0,0.0,72.79640482153933,18.19910120538483,0.0,13.571241485135452,29.61757369614513,0.0,0.0,0.0,0.0,1.21582105064248,26.357207105064244,0.0,0.0,-3.885046296296297,0.0,23,0,4,0,0,0,0,3,0,3,0,0,4,0,5,0,6,0,0,0,0,0,4.64686035273296,3,5.331500000000003,88.81650000000003,0,0,0,0,0,0,0,0,0,0,0,0,0,0,0,0,0,0,0,0,0,0,0,0,0,0,0,0,0,0,0,0,0,0,3,0,0,0,0,0,0,0,0,0,0,0,0,0,0,0,0,0,0,0,0,0,0,0,0,0,0,0,0,0,3,0,0,1,1,0,0,0,0,0,0,0,0,0,0,0,0,0,0,0,0
TPP,O=P(Oc1ccccc1)(Oc2ccccc2)Oc3ccccc3,-7.12,-0.45,6.67,P,10.506944444444445,10.506944444444445,1.351466049382716,-2.6543209876543212,0.5168665462879803,11.857142857142858,124.07599999999998,115.00399999999998,124.028930778,44,0,0.3265965514300988,-0.3121319261503172,0.3265965514300988,0.3121319261503172,1.2857142857142858,1.5714285714285714,1.5714285714285714,31.19120438404145,11.76740639628004,2.083677549014877,-2.0379400310775466,2.4039679705532473,-1.8179180722752797,7.52425413596193,0.28192981068245787,1.6774212838293645,3.605378627989909,82.18080946738405,5.914213562373096,4.671958466891548,5.5663856578914634,3.121320343559643,1.8114327339328502,3.8013050399430983,1.136477726925256,3.409433180775768,0.6632907686700827,1.9898723060102483,0.074535599249993,0.22360679774997902,0.15,26.838740541269832,7.1499999999999995,2.455694606496293,2.800406504065041,43.159166131984385,9.047494323423635,0.0,0.0,0.0,0.0,7.595762326787885,4.565048284931329,0.0,0.0,0.0,0.0,0.0,20.884420686787603,0.0,13.612542608354964,7.595762326787885,0.0,0.0,0.0,0.0,20.884420686787603,0.0,0.0,0.0,0.0,0.0,0.0,7.595762326787885,20.884420686787603,13.612542608354964,0.0,0.0,0.0,0.0,0.0,0.0,35.53,7.595762326787885,4.565048284931329,0.0,0.0,0.0,0.0,20.884420686787603,0.0,0.0,9.047494323423635,0.0,19.34722222222222,0.0,0.0,0.0,0.0,0.0,0.0,0.0,1.4097222222222223,0.048611111111110716,1.0,7,0,3,0,0,0,0,0,0,0,0,0,3,0,4,0,2,0,0,0,0,0,2.5083166337783562,0,1.1020999999999999,27.548499999999986,0,0,0,0,0,0,0,0,0,0,0,0,0,0,0,0,0,0,0,0,0,0,0,0,0,0,0,0,0,0,0,0,0,0,0,0,0,0,0,0,0,0,0,0,0,0,0,0,0,0,0,0,0,0,0,0,0,0,0,0,0,0,0,0,0,0,0,0,0,0,0,0,0,0,0,0,0,0,0,0,0,0,0,0,0
DMMP,COP(=O)(C)OC,-7.48,1.12,8.6,P,8.881944444444445,8.881944444444445,4.638888888888889,-4.638888888888889,0.34189065943069985,11.8,97.99399999999999,94.97,97.97689520600001,32,0,0.46647404666265296,-0.30276308220727643,0.46647404666265296,0.30276308220727643,1.2,1.2,1.2,31.204228293369876,15.771696919319565,1.9973509016891706,-1.820251816496783,2.2534362804956802,-1.655258217841864,7.447133331142706,0.27514097945884425,0.7219280948873623,3.4720664956001186,49.78353986569366,4.5,2.1971026724636946,3.091529863463611,2.0,0.7825741858350553,2.347722557505166,0.5132771315782926,1.5398313947348776,0.0,0.0,0.0,0.0,0.10999999999999996,3.6096404744368114,5.109999999999999,1.0648297577687837,1512.2422314049604,28.30662084449607,14.680234808257424,0.0,0.0,0.0,0.0,7.822697123132171,0.0,4.565048284931329,0.0,0.0,0.0,0.0,0.0,0.0,19.245283093188757,7.822697123132171,0.0,0.0,0.0,0.0,0.0,0.0,0.0,0.0,0.0,0.0,0.0,7.822697123132171,14.680234808257424,4.565048284931329,0.0,0.0,0.0,0.0,0.0,0.0,77.76,7.822697123132171,0.0,0.0,0.0,0.0,0.0,0.0,0.0,0.0,0.0,19.245283093188757,8.881944444444445,0.0,21.5625,0.0,0.0,0.0,0.0,0.0,0.0,-4.638888888888889,0.0,5,3,4,0,0,0,0,0,0,0,0,0,1,3,5,0,0,0,0,0,0,0,1.088256012439697,0,-0.9286000000000001,14.262899999999998,0,0,0,0,0,0,0,0,0,0,0,0,0,0,0,0,0,0,0,0,0,0,0,0,0,0,0,0,0,0,0,0,0,0,0,0,0,0,0,0,0,0,0,0,0,0,0,0,0,0,0,0,0,0,0,0,0,0,0,0,0,0,0,0,0,0,0,1,0,0,0,0,0,0,0,0,0,0,0,0,0,0,0,0,0
TCEP,FC(F)(F)C(P(=O)(OCC(F)(F)F)OCC(F)(F)F,-8.45,-0.38,8.07,P,10.525,10.525,0.18827160493827155,-3.692515432098766,0.6170245309305014,11.88888888888889,154.102,143.01399999999998,154.039495462,56,0,0.471656926500163,-0.3024956234644989,0.471656926500163,0.3024956234644989,1.3333333333333333,1.6666666666666667,1.8888888888888888,31.204692379666216,10.906040311979066,2.1698927677376005,-2.0697943461677695,2.4185686787871945,-1.9254775793046897,7.469232112486526,0.16123320038310895,1.6423714487439025,3.5768662254071426,103.13526283059372,7.328427124746191,5.5333856247646,6.427812815764517,4.121320343559642,2.739286389067887,4.234731504078219,1.3041049309650836,2.757614254516,0.5844874542629783,1.753462362788935,0.36355636414081366,1.090669092422441,0.10999999999999999,64.0524865010122,9.11,4.011046940626403,4.603218249075215,54.405012256704225,4.893411602752475,0.0,0.0,0.0,0.0,7.822697123132171,9.047494323423635,4.565048284931329,0.0,0.0,0.0,13.847474399381248,0.0,13.213763929025836,18.50595421110744,7.822697123132171,0.0,0.0,0.0,13.847474399381248,13.213763929025836,0.0,0.0,0.0,0.0,0.0,0.0,7.822697123132171,18.10717553177831,13.612542608354964,0.0,13.847474399381248,0.0,0.0,0.0,0.0,55.760000000000005,7.822697123132171,4.565048284931329,0.0,13.213763929025836,0.0,0.0,0.0,13.847474399381248,0.0,9.047494323423635,4.893411602752475,19.242222222222225,0.0,8.625555555555556,0.0,0.0,0.0,0.0,0.0,3.6302932098765437,-3.692515432098766,1.0,9,1,4,0,0,0,0,0,0,0,0,0,3,1,5,0,4,0,0,0,0,0,4.060070847678503,0,1.1598,33.07729999999999,0,0,0,0,0,0,0,0,0,0,0,0,0,0,0,0,0,0,0,0,0,0,0,0,0,0,0,0,0,0,0,0,0,0,0,0,0,0,0,0,0,0,0,0,0,0,0,0,0,0,0,0,0,0,0,0,0,0,0,0,0,0,0,0,0,0,0,1,1,0,0,0,0,0,0,0,0,0,0,0,0,0,0,0,0
PhosA,O=P(O)(O)O,-9.12,1.65,10.77,P,12.170983560090702,12.170983560090702,0.4365354938271606,-3.3084490740740744,0.38390428568051604,11.941176470588236,266.3179999999999,239.10199999999995,266.164695974,104,0,0.4742777516396874,-0.28687676100582693,0.4742777516396874,0.28687676100582693,0.7058823529411765,1.0,1.2352941176470589,31.204925064775328,10.365628530453371,2.2521962968261464,-2.1723799907336807,2.4934139642059594,-2.0342371543858233,7.4801979409585835,0.10968018021794838,2.3020701952302,3.998982972846674,175.3980969974987,12.985281374238573,11.44416778803434,12.338594979034255,8.181980515339465,6.7176424906843035,8.178235977364746,4.007544537596314,5.676568397837715,2.24187580144988,3.7382816570055604,1.073875464702548,2.3556009903232065,0.10999999999999999,4567.307267336717,17.11,11.214697625194338,9.779410294351258,105.64386064918796,0.0,0.0,0.0,0.0,0.0,7.822697123132171,13.571241485135452,4.565048284931329,0.0,0.0,40.0336764678499,19.26246486877803,0.0,19.820645893538753,18.13628977006678,7.822697123132171,0.0,0.0,0.0,59.296141336627926,19.820645893538753,0.0,0.0,0.0,0.0,0.0,0.0,7.822697123132171,19.820645893538753,18.13628977006678,0.0,59.296141336627926,0.0,0.0,0.0,0.0,44.760000000000005,7.822697123132171,4.565048284931329,0.0,0.0,19.820645893538753,38.524929737556064,0.0,0.0,0.0,20.771211599071872,13.571241485135452,27.993823696145125,0.0,0.0,0.0,0.0,0.0,0.0,5.631504629629629,7.488676303854875,-3.3084490740740744,1.0,17,0,4,0,0,0,0,0,0,0,0,0,4,0,5,0,12,0,0,0,0,0,11.287263315710302,0,4.544600000000004,70.18650000000007,0,0,0,0,0,0,0,0,0,0,0,0,0,0,0,0,0,0,0,0,0,0,0,0,0,0,0,0,0,0,0,0,0,0,0,0,0,0,0,0,0,0,0,0,0,0,0,0,0,0,0,0,0,0,0,0,0,0,0,0,0,0,0,0,0,0,0,1,1,0,0,0,0,0,0,0,0,0,0,0,0,0,0,3,0
DiEtPhos,CCOP(=O)(OCC)O,-7.89,0.89,8.78,P,11.626805555555556,11.626805555555556,0.9664351851851856,-3.405671296296296,0.4466596277686572,24.5,124.042,122.026,123.99720036400001,46,0,0.512945566779287,-0.42344332503882515,0.512945566779287,0.42344332503882515,1.625,2.25,2.375,19.292780300012836,10.695077995643343,2.425193189987964,-1.98287335257373,2.215517271021164,-2.166272301388867,5.614454339286253,-0.1698701814639303,1.8246987351738497,2.557782802520049,121.69694286392863,6.198670612749268,3.6877805985965915,3.6877805985965915,3.6009536313038994,1.8366895791250402,1.8366895791250402,1.2780679378112727,1.2780679378112727,0.5907082160264188,0.5907082160264188,0.32378802923994565,0.32378802923994565,-0.8700000000000001,58.39035952556319,5.270252454417952,1.302281514955573,0.8527045447679671,43.18298746800353,9.473725907600098,0.0,6.606881964512918,0.0,0.0,12.263955139220243,0.0,4.794537184071822,8.78083009534964,0.0,0.0,0.0,0.0,0.0,23.04909318702156,6.155365629538759,0.0,0.0,0.0,6.108589509681485,6.606881964512918,0.0,0.0,0.0,0.0,13.575367279421462,0.0,0.0,18.87083710373316,9.473725907600098,0.0,0.0,0.0,0.0,0.0,0.0,35.53,18.87083710373316,13.575367279421462,0.0,0.0,0.0,0.0,0.0,0.0,0.0,9.473725907600098,0.0,30.364722222222223,0.0,9.73423611111111,0.0,0.0,0.0,0.0,-4.715856481481481,-0.9664351851851856,0.0,0.6666666666666666,8,0,3,0,1,1,0,0,0,0,0,0,3,0,5,1,0,0,1,1,0,0,0.8579190438172173,1,0.746,17.38,0,0,0,0,0,0,0,0,0,0,1,1,0,0,0,0,0,0,0,0,0,0,0,0,0,2,0,0,0,0,0,0,0,0,0,0,0,0,0,0,0,2,0,0,2,0,0,0,0,0,0,0,0,0,2,0,0,0,0,0,0,0,0,0,0,0,0,0,0,0,0,0,0,0,0,0,0,0,0,0,0,0,0,0,0
TriBuPhos,CCCCOP(=O)(OCCCC)OCCCC,-6.89,1.52,8.41,P,9.73611111111111,9.73611111111111,0.6574074074074072,-0.6574074074074072,0.4536206778123969,8.666666666666666,86.04599999999999,84.02999999999999,86.00039392400001,32,0,0.5179537991458639,-0.39939192026488035,0.5179537991458639,0.39939192026488035,1.3333333333333333,1.8333333333333333,2.0,16.54870809056811,11.059831096891047,1.7664613650768686,-1.4923112532525604,1.6959961158666852,-1.8295676804192034,4.492587189475614,0.38549716850111904,1.8638263900908159,3.4062460774815033,143.8011683847082,4.405777393935816,2.879445409770841,2.879445409770841,2.893846850117352,1.41711028982016,1.41711028982016,0.7578677873714248,0.7578677873714248,0.38408840877338535,0.38408840877338535,0.19444444444444456,0.19444444444444456,-0.99,33.548875021634686,3.209600798403194,1.0058388819521538,0.33667406790125154,33.19207130762661,8.834301874106695,12.526325991278114,0.0,0.0,0.0,5.822382246255434,0.0,4.794537184071822,0.0,0.0,0.0,0.0,0.0,0.0,8.834301874106695,0.0,0.0,0.0,0.0,0.0,0.0,23.14324542160537,0.0,0.0,5.822382246255434,0.0,0.0,0.0,0.0,0.0,0.0,0.0,26.15516504945663,0.0,0.0,0.0,43.35,5.822382246255434,4.794537184071822,0.0,0.0,0.0,0.0,12.526325991278114,0.0,0.0,8.834301874106695,0.0,8.222222222222221,0.0,9.73611111111111,0.0,0.0,-0.6574074074074072,0.0,2.3657407407407405,0.0,0.0,0.0,6,0,3,0,0,0,0,0,1,1,0,0,3,0,3,1,0,0,0,0,0,0,0.5380568797631015,1,0.23279999999999998,17.243999999999996,0,0,0,0,0,0,0,0,0,0,0,0,0,0,0,0,0,0,0,0,0,0,0,0,0,0,0,0,0,0,0,0,0,0,0,0,0,0,0,0,0,0,0,0,0,0,0,0,0,0,0,0,0,0,0,0,0,0,0,0,0,0,0,0,0,0,0,0,0,0,0,0,0,0,0,0,0,0,0,0,0,0,0,0,0
FEC,O=C1OCC(F)(F)O1,-7.89,-0.28,7.61,Ref,9.79861111111111,9.79861111111111,0.4155092592592591,-0.5462962962962961,0.395310501894485,19.666666666666668,88.062,84.02999999999999,88.016043988,34,0,0.5080088228937092,-0.43065700761960857,0.5080088228937092,0.43065700761960857,1.3333333333333333,1.8333333333333333,2.0,16.758034197599734,10.818323674812094,2.088310315331131,-1.7843501136507725,1.9157826221287104,-1.8795008527076664,5.60617075504958,0.13122884226849413,1.8638263900908159,2.3673518510178746,60.43856189774725,4.405777393935816,3.1389584337646843,3.1389584337646843,2.893846850117352,1.6897227048854202,1.6897227048854202,0.9469234250586759,0.9469234250586759,0.5231597389607807,0.5231597389607807,0.29166666666666674,0.29166666666666674,-0.73,33.548875021634686,3.4597533206831117,1.1614173210320275,0.42861205863724106,34.85191666215107,9.473725907600098,13.213763929025836,0.0,0.0,0.0,6.155365629538759,0.0,4.794537184071822,0.0,0.0,0.0,0.0,0.0,0.0,14.268263091671919,6.155365629538759,0.0,0.0,0.0,0.0,13.213763929025836,0.0,0.0,0.0,0.0,4.794537184071822,0.0,0.0,19.369129558564595,9.473725907600098,0.0,0.0,0.0,0.0,0.0,0.0,35.53,6.155365629538759,4.794537184071822,0.0,0.0,13.213763929025836,0.0,0.0,0.0,0.0,9.473725907600098,0.0,8.583333333333334,0.0,9.79861111111111,0.0,0.0,0.0,0.0,-0.5462962962962961,0.8310185185185184,0.0,0.6666666666666666,6,0,3,0,1,1,0,0,0,0,0,0,3,0,3,1,0,0,1,1,0,0,0.6697029055232401,1,0.1532,17.299999999999997,0,0,0,0,0,0,0,0,0,0,1,1,0,0,0,0,0,0,0,0,0,0,0,0,0,0,0,0,0,0,0,0,0,0,0,0,0,0,0,0,0,2,0,0,0,0,0,0,0,0,0,0,0,0,2,0,0,0,0,0,0,0,0,0,0,0,0,0,0,0,0,0,0,0,0,0,0,0,0,0,0,0,0,0,0
VC,O=C1OC=CO1,-6.72,-0.89,5.83,Ref,9.73611111111111,9.73611111111111,0.6574074074074077,-0.6574074074074077,0.40368692642150095,7.0,90.078,84.03,90.031694052,36,0,0.5071977938803105,-0.4376213233778794,0.5071977938803105,0.4376213233778794,1.3333333333333333,1.6666666666666667,1.6666666666666667,16.71404282514737,11.299247075569985,1.8836358650609495,-1.8925549360509393,1.7165600139270971,-1.9728889479900649,5.586087118375043,0.0924074904084094,1.6500224216483543,2.9881608821342693,44.0,4.99156383156272,3.7247448713915894,3.7247448713915894,2.808060412490447,1.4288690166235207,1.4288690166235207,0.6582482904638631,0.6582482904638631,0.3333333333333334,0.3333333333333334,0.08333333333333336,0.08333333333333336,-0.73,19.800269059780252,5.27,2.504192037470726,1.575810397553516,35.8577478156803,9.473725907600098,0.0,0.0,0.0,0.0,6.155365629538759,0.0,4.794537184071822,0.0,0.0,0.0,0.0,0.0,14.219595082555067,14.268263091671919,6.155365629538759,0.0,0.0,0.0,0.0,14.219595082555067,0.0,0.0,0.0,0.0,4.794537184071822,0.0,0.0,20.374960712093824,9.473725907600098,0.0,0.0,0.0,0.0,0.0,0.0,35.53,6.155365629538759,4.794537184071822,0.0,0.0,0.0,0.0,14.219595082555067,0.0,0.0,9.473725907600098,0.0,8.07638888888889,0.0,9.73611111111111,0.0,0.0,0.0,0.0,-0.6574074074074077,0.0,2.511574074074074,0.6666666666666666,6,0,3,0,0,0,0,0,0,0,0,0,3,0,3,0,0,0,0,0,0,0,2.199515339578454,0,0.3992,19.413999999999994,0,0,0,0,0,0,0,0,0,0,1,1,0,0,0,0,0,0,0,0,0,0,0,0,0,0,0,0,0,0,0,0,0,0,0,0,0,0,0,0,0,2,0,0,0,0,0,0,0,0,0,0,0,0,0,2,0,0,0,0,0,0,0,0,0,0,0,0,0,0,0,0,0,0,0,0,0,0,0,0,0,0,0,0,0
EC,O=C1OCCO1,-8.15,-0.15,8.0,Ref,10.198611111111111,10.198611111111111,0.37384259259259256,-0.587962962962963,0.5105361098562152,8.25,118.13199999999999,108.05199999999998,118.06299418,48,0,0.5077358221025684,-0.43458785003783723,0.5077358221025684,0.43458785003783723,1.25,1.625,1.875,16.72206668054827,10.847260475546785,1.9558092328295853,-1.9801168852194393,1.8133374016852077,-2.0521600823401838,5.590973707319101,0.06302697851422577,1.6750754835015291,3.0551722039096187,62.07403392114697,6.405777393935816,5.138958433764684,5.138958433764684,3.808060412490447,2.6039362672585153,2.6039362672585153,1.1160254037844388,1.1160254037844388,0.5243773949903288,0.5243773949903288,0.2773689270621826,0.2773689270621826,-0.73,50.25226450504587,7.27,4.429489633173843,3.4597533206831117,48.5876320444735,9.473725907600098,0.0,0.0,0.0,0.0,6.155365629538759,0.0,4.794537184071822,0.0,0.0,0.0,13.847474399381248,0.0,13.213763929025836,14.268263091671919,6.155365629538759,0.0,0.0,0.0,13.847474399381248,13.213763929025836,0.0,0.0,0.0,0.0,4.794537184071822,0.0,0.0,19.369129558564595,9.473725907600098,0.0,13.847474399381248,0.0,0.0,0.0,0.0,35.53,6.155365629538759,4.794537184071822,0.0,0.0,13.213763929025836,0.0,0.0,13.847474399381248,0.0,9.473725907600098,0.0,8.842222222222222,0.0,10.198611111111111,0.0,0.0,0.0,0.0,-0.587962962962963,4.213796296296296,0.0,0.8,8,0,3,0,0,0,0,0,0,0,0,0,3,0,3,0,2,0,0,0,0,0,4.02529870414673,0,1.1794,28.647999999999985,0,0,0,0,0,0,0,0,0,0,1,1,0,0,0,0,0,0,0,0,0,0,0,0,0,0,0,0,0,0,0,0,0,0,0,0,0,0,0,0,0,2,0,0,0,0,0,0,0,0,0,0,0,0,0,0,0,0,0,0,0,0,0,0,0,0,0,0,0,0,0,0,0,0,0,0,0,0,0,0,0,0,0,0,0
DMC,COC(=O)OC,-8.45,0.45,8.9,Ref,10.086805555555555,10.086805555555555,0.42361111111111116,-2.481481481481482,0.42847827011741385,28.666666666666668,106.146,100.09799999999998,106.008850432,36,0,0.14988580895202233,-0.22883930913540262,0.22883930913540262,0.14988580895202233,1.1666666666666667,1.5,1.5,32.228067418739094,10.549726445761326,2.189047871914395,-2.0895356812571717,2.0604292953589165,-2.22511783948983,7.922085257407515,0.5798186072546996,1.3221793455166666,2.7842991573668936,122.87218755408671,4.621320343559643,3.3460652149512318,4.162561795878958,2.707106781186548,1.910683602522959,3.7320508075688767,1.5053717288240773,3.8090084052856827,0.9106836025229591,2.7320508075688767,0.3800398276929223,1.1401194830787666,-0.050000000000000044,14.543972800683333,4.118067226890756,0.9641693455260449,0.543884735572169,37.08870248488012,0.0,9.837253136417502,0.0,0.0,0.0,0.0,0.0,8.417796984328938,0.0,0.0,0.0,6.4208216229260096,0.0,11.505707213493578,8.417796984328938,9.837253136417502,0.0,0.0,0.0,6.4208216229260096,11.505707213493578,0.0,0.0,0.0,0.0,0.0,0.0,0.0,19.923504197822517,9.837253136417502,0.0,6.4208216229260096,0.0,0.0,0.0,0.0,34.14,9.837253136417502,8.417796984328938,0.0,0.0,11.505707213493578,6.4208216229260096,0.0,0.0,0.0,0.0,0.0,20.17361111111111,0.0,0.0,0.0,0.0,0.8472222222222223,0.0,0.8773148148148149,0.0,-2.481481481481482,1.0,6,0,2,0,1,1,0,0,0,0,0,0,2,0,3,1,0,0,1,1,0,0,0.6617523638305859,1,-0.19509999999999994,23.270799999999994,0,0,0,0,0,0,0,0,0,0,0,0,0,0,0,0,0,0,0,0,0,0,0,0,0,0,0,0,0,0,0,0,0,0,0,0,0,0,0,0,0,0,0,0,0,0,0,0,0,0,0,0,0,0,0,0,0,0,0,0,0,0,0,0,0,0,0,0,0,0,0,0,0,0,0,0,0,1,0,0,0,0,0,0,0
DEC,CCOC(=O)OCC,-8.12,0.52,8.64,Ref,9.777777777777779,9.777777777777779,0.9930555555555556,-3.1620370370370376,0.43093918963957045,11.666666666666666,110.13399999999999,104.08599999999998,110.003765052,38,0,0.26362280031595087,-0.27367293755241723,0.27367293755241723,0.26362280031595087,1.5,1.6666666666666667,1.6666666666666667,32.239805324083875,11.770842844548971,1.9007246023713815,-1.8366058136258596,1.7541416301629627,-1.9518040520779736,7.854731470666357,0.4029517207524718,1.3516441151533922,3.8506216389836694,110.75488750216347,5.207106781186548,3.6329931618554525,4.449489742783179,2.5606601717798214,1.3164965809277263,3.132993161855452,0.8707908118985985,2.6123724356957947,0.3027494301546211,0.9082482904638631,0.0,0.0,-0.09000000000000005,12.16479703638053,5.91,1.5720954551071142,3.9099999999999997,37.05214062957765,0.0,0.0,0.0,0.0,10.118126859033554,0.0,4.183085432649707,0.0,8.417796984328938,0.0,0.0,0.0,0.0,13.365566724788938,12.600882416978646,10.118126859033554,0.0,0.0,0.0,0.0,13.365566724788938,0.0,0.0,0.0,0.0,0.0,0.0,0.0,21.783363709117875,14.30121229168326,0.0,0.0,0.0,0.0,0.0,0.0,43.370000000000005,10.118126859033554,8.417796984328938,0.0,0.0,0.0,13.365566724788938,0.0,0.0,0.0,4.183085432649707,0.0,23.46527777777778,0.0,0.0,0.0,0.0,0.0,0.0,0.9930555555555556,0.0,-2.041666666666667,1.0,6,0,3,0,0,0,0,0,0,0,0,0,3,0,4,0,1,0,0,0,0,0,1.5485140232805075,0,-0.40759999999999996,21.85279999999999,0,0,0,0,0,0,0,0,0,0,0,0,0,0,0,0,0,0,0,0,0,0,0,0,0,0,0,0,0,0,0,0,0,0,0,0,0,0,0,0,0,0,0,0,0,0,0,0,0,0,0,0,0,0,0,0,0,0,0,0,0,0,0,0,0,0,0,0,0,0,0,0,0,0,0,0,0,0,0,0,0,0,0,0,0
PS,O=S1(=O)CCC1,-7.56,-0.32,7.24,Ref,7.625,7.625,0.625,0.625,0.4038142196355223,5.0,55.08,50.03999999999999,55.042199159999996,22,0,0.06183424059086474,-0.1983584061194375,0.1983584061194375,0.06183424059086474,2.0,2.25,2.25,14.212296398218596,10.57200269127164,1.4923787809860671,-1.4652728646503306,1.5775759071816557,-1.3824540974528403,4.61472447453744,1.223013208882044,1.370950594454669,2.4330963097956353,33.03830640231605,3.414213562373095,2.6543203766865053,2.6543203766865053,1.914213562373095,1.2842669695298001,1.2842669695298001,0.5116672736016927,0.5116672736016927,0.15811388300841894,0.15811388300841894,0.0,0.0,-0.51,6.854752972273345,3.49,2.490000000000001,1.4900000000000018,25.86171493809148,0.0,0.0,0.0,0.0,0.0,0.0,0.0,0.0,5.261891554738487,0.0,6.923737199690624,0.0,6.4208216229260096,6.069221312792274,0.0,0.0,5.261891554738487,0.0,0.0,13.344558822616634,0.0,0.0,0.0,6.069221312792274,0.0,0.0,0.0,0.0,0.0,0.0,11.33111286753076,13.344558822616634,0.0,0.0,0.0,0.0,23.79,0.0,0.0,0.0,0.0,6.4208216229260096,0.0,0.0,0.0,12.992958512482897,0.0,5.261891554738487,0.0,0.0,0.0,7.625,0.0,0.0,1.9305555555555556,0.625,1.8194444444444444,0.0,0.6666666666666666,4,0,1,0,0,0,0,0,0,0,0,0,1,0,1,0,0,0,0,0,0,0,2.172525000000001,0,0.91998,15.904000000000002,0,0,0,0,0,0,0,0,0,0,0,0,0,0,0,1,0,0,0,0,0,0,0,0,0,0,0,0,0,0,0,0,0,0,0,0,0,0,0,0,0,0,0,0,0,0,0,0,0,0,0,0,0,0,0,0,0,1,0,0,0,0,0,0,0,0,0,0,0,0,0,0,0,0,0,0,0,0,0,0,0,0,0,0,0
MMDS,O=S(=O)(C)OC,-7.89,-0.18,7.71,Ref,7.796250000000001,7.796250000000001,0.35763888888888884,0.35763888888888884,0.43744452216721885,5.666666666666667,80.09,76.05799999999999,80.037448128,30,0,0.06320377832806513,-0.19830973880586383,0.19830973880586383,0.06320377832806513,1.0,1.3333333333333333,1.5,14.24477661177521,10.36758998116928,1.7235463742570587,-1.6335486152762524,1.7772561923774552,-1.5819635759128339,4.7822862137119815,1.0705948349036252,1.6143308351592656,2.7835408277898814,79.09616281328597,4.82842712474619,3.3086407533730107,3.3086407533730107,2.914213562373095,1.6543203766865053,1.6543203766865053,0.8162277660168378,0.8162277660168378,0.3486067977499789,0.3486067977499789,0.11180339887498945,0.11180339887498945,-1.02,20.986300857070454,4.980000000000001,3.9800000000000018,2.9800000000000018,36.619236733956804,0.0,0.0,0.0,0.0,0.0,0.0,0.0,0.0,10.523783109476973,0.0,0.0,0.0,12.841643245852019,12.138442625584547,0.0,0.0,10.523783109476973,0.0,0.0,12.841643245852019,0.0,0.0,0.0,12.138442625584547,0.0,0.0,0.0,0.0,0.0,0.0,22.66222573506152,12.841643245852019,0.0,0.0,0.0,0.0,47.58,0.0,0.0,0.0,0.0,12.841643245852019,0.0,0.0,0.0,12.138442625584547,0.0,10.523783109476973,0.0,0.0,0.0,15.592500000000001,0.0,0.0,3.692222222222222,0.7152777777777777,0.0,0.0,0.5,6,0,2,0,0,0,0,0,0,0,0,0,2,0,2,0,1,0,0,0,0,0,3.303400000000002,0,0.81376,20.459999999999994,0,0,0,0,0,0,0,0,0,0,0,0,0,0,0,2,0,0,0,0,0,0,0,0,0,0,0,0,0,0,0,0,0,0,0,0,0,0,0,0,0,0,0,0,0,0,0,0,0,0,0,0,0,0,0,0,0,2,0,0,0,0,0,0,0,0,0,0,0,0,0,0,0,0,0,0,0,0,0,0,0,0,0,1,0
SN,N#CCC,-8.34,0.89,9.23,Ref,8.01736111111111,8.01736111111111,0.9260493827160493,-1.7469135802469136,0.5816287881365626,26.9,162.177,147.05700000000002,162.10343311,60,0,0.1658124808365421,-0.2766400408077328,0.2766400408077328,0.1658124808365421,1.3,1.7,1.8,31.179321262498718,10.984095897484647,2.3946418679906345,-2.521639251176038,2.601524385196737,-2.479277733358384,7.584710148994654,0.24890522067999443,1.8646669805308986,2.7635014961534794,154.22210176344092,7.939157588755425,6.995961163186379,7.890388354186296,4.4919230614706676,3.2449167117834867,4.892130307283445,2.872261353545537,6.174603093094725,1.9192791407320668,5.1921519972469605,1.2776590262658667,3.5501343663229825,0.10999999999999999,126.79735467610111,8.20891196834817,2.308707982557842,0.8386535129950345,62.42090300928233,0.0,0.0,7.5065986871943915,0.0,0.0,0.0,9.832280052727054,9.340832379842599,0.0,0.0,0.0,28.19068793070876,0.0,6.6686911888991425,0.0,7.5065986871943915,5.161863862805753,14.011248569763898,0.0,0.0,34.8593791196079,0.0,0.0,0.0,0.0,0.0,0.0,7.5065986871943915,48.8706276893718,0.0,5.161863862805753,0.0,0.0,0.0,0.0,0.0,33.57000000000001,7.5065986871943915,0.0,0.0,0.0,0.0,6.6686911888991425,0.0,0.0,32.86110412063006,9.340832379842599,5.161863862805753,6.177083333333333,0.0,0.0,8.01736111111111,0.0,0.0,0.0,0.0,0.9260493827160493,6.185061728395063,1.0,10,1,4,0,1,1,0,0,0,0,0,0,1,1,5,1,1,0,1,1,0,0,1.8951980589440027,1,0.90767,43.71970000000002,0,0,0,0,0,0,0,0,0,0,0,0,0,0,0,3,1,0,0,0,0,0,0,0,0,0,0,0,0,0,0,0,0,0,0,0,0,0,0,0,0,0,0,0,0,0,0,0,0,0,0,0,0,0,0,0,0,0,0,0,0,0,0,0,0,0,0,0,0,0,0,0,0,0,0,0,0,0,0,0,0,0,0,0,0
ADN,N#CCCC#N,-8.67,-0.45,8.22,Ref,11.346527777777778,11.346527777777778,0.3306327160493827,-3.219328703703704,0.5904722914889335,11.909090909090908,182.15599999999998,167.03599999999997,182.07079559,68,0,0.4742480477050508,-0.2871683552461137,0.4742480477050508,0.2871683552461137,0.9090909090909091,1.1818181818181819,1.3636363636363635,31.204924440637367,10.904979163005013,2.2316975035698414,-2.1404633565541014,2.483005603841298,-1.987872474766331,7.48014000166394,0.12608232029319896,1.8813889835941084,3.908471949775869,112.769535289866,8.742640687119287,7.201527100915053,8.09595429191497,5.181980515339465,3.717642490684303,5.178235977364746,1.7005373339051382,3.369561194146539,0.8616399836459987,2.584919950937996,0.5861450479002465,1.7584351437007397,0.10999999999999999,203.19001022816371,11.110000000000001,5.7213645832552,4.534240771185683,67.4542079628083,0.0,0.0,0.0,0.0,0.0,7.822697123132171,13.571241485135452,4.565048284931329,0.0,0.0,0.0,20.771211599071872,0.0,19.820645893538753,18.13628977006678,7.822697123132171,0.0,0.0,0.0,20.771211599071872,19.820645893538753,0.0,0.0,0.0,0.0,0.0,0.0,7.822697123132171,19.820645893538753,18.13628977006678,0.0,20.771211599071872,0.0,0.0,0.0,0.0,44.760000000000005,7.822697123132171,4.565048284931329,0.0,0.0,19.820645893538753,0.0,0.0,20.771211599071872,0.0,0.0,13.571241485135452,25.810694444444447,0.0,0.0,0.0,0.0,0.0,0.0,0.0,6.214189814814816,-3.219328703703704,1.0,11,0,4,0,0,0,0,0,0,0,0,0,4,0,5,0,6,0,0,0,0,0,5.778578229087753,0,2.2039999999999997,42.48450000000001,0,0,0,0,0,0,0,0,0,0,0,0,0,0,0,0,0,0,0,0,0,0,0,0,0,0,0,0,0,0,0,0,0,0,0,0,0,0,0,0,0,0,0,0,0,0,0,0,0,0,0,0,0,0,0,0,0,0,0,0,0,0,0,0,0,0,0,1,1,0,0,0,0,0,0,0,0,0,0,0,0,0,0,0,0
HMPN,CN1P(=N)(N(C)C)N(C)C1,-6.89,-0.12,6.77,P,11.702052154195012,11.702052154195012,0.5516076152683298,-3.593040123456791,0.5627285369839117,23.75,252.01199999999994,233.86799999999994,252.093405326,94,0,0.6485486678251118,-0.37767976181407176,0.6485486678251118,0.37767976181407176,1.0,1.375,1.6875,31.204910664424208,9.900926621727626,2.5490629003911165,-2.313983837708202,2.505196736909652,-2.4122059156456497,7.492727532559503,0.005784435120588577,2.3437720412770857,2.7102693064106784,280.90366073218416,12.612884175122364,10.474053607472763,11.368480798472678,7.156725386731055,4.912148395918359,6.372741882598801,4.4627693436590015,6.298311788677031,2.8940000348051216,4.2187587087169724,1.098040567831427,1.716129166756466,0.09493506493506482,2165.6453661400274,14.15706641221702,4.403976237670995,2.6685967735983684,96.33285860796099,9.308716268050691,0.0,0.0,0.0,0.0,15.143909481817365,13.48873666536075,4.565048284931329,0.0,0.0,0.0,27.694948798762496,14.219595082555067,11.202101621967376,27.36250121834277,15.143909481817365,0.0,0.0,0.0,38.89705042072987,14.219595082555067,0.0,0.0,0.0,0.0,0.0,0.0,7.822697123132171,32.742909063207634,27.36250121834277,0.0,27.694948798762496,0.0,0.0,0.0,0.0,63.22000000000001,26.34601110378474,4.565048284931329,0.0,0.0,0.0,0.0,14.219595082555067,0.0,27.694948798762496,9.047494323423635,13.749958609987807,36.98333900226758,0.0,0.0,0.0,-1.1032152305366596,0.0,0.0,0.0,7.447988158226254,-2.1892230410682796,1.0,16,0,6,0,1,1,0,0,0,0,0,0,6,0,8,1,4,0,1,1,0,0,3.89671150465837,1,1.9927999999999997,58.79150000000005,0,0,0,0,0,0,0,0,0,0,0,0,0,0,0,0,0,0,0,0,0,0,0,0,0,0,0,0,0,0,0,0,0,0,0,0,0,0,0,0,0,0,0,0,0,0,0,0,0,0,0,0,0,0,0,0,0,0,0,0,0,0,0,0,0,0,0,1,1,0,0,0,0,0,0,0,0,0,0,0,0,0,0,0,0
