smiles,RF_homo,RF_lumo,RF_gap,norm_homo,norm_lumo,norm_gap,score,rank,has_B,has_P,MW
O=P(O)(O)CP(=O)(O)O,-7.8162599999999385,0.959459999999993,8.696340000000063,0.5903812572758396,0.8138236942799291,1.0,0.8212614854667306,1,0,1,176.001
O=P(O)(O)OP(=O)(O)O,-7.866739999999954,0.9960199999999938,8.44402000000002,0.6271100116413928,0.836099534498301,0.8516741911211243,0.7796325402903579,2,0,1,177.973
CP(C)C.O=P(O)(O)OP(=O)(O)O,-7.950219999999986,0.7726199999999954,8.490740000000015,0.6878492433061432,0.6999829397284941,0.8791384499623547,0.7680050348953331,3,0,1,254.052
CP(C)(C)=O.O=P(O)(O)OP(=O)(O)O,-7.923459999999977,0.8417799999999951,8.44112000000001,0.6683789289871616,0.7421218103385204,0.8499694319036628,0.7631379945591696,4,0,1,270.051
C[Si]1(C)O[Si](C)(C)O1.O=P(O)(O)OP(=O)(O)O,-8.032859999999989,0.7505999999999956,8.396859999999997,0.7479772991850755,0.6865662547829652,0.8239512791572299,0.7599435778533041,5,0,1,326.283
FC(F)(F)C(F)(F)S(F)(F)F.O[PH](O)=S,-7.924339999999982,0.7482999999999966,8.483439999999987,0.6690192083818101,0.6851648753381558,0.8748471595183958,0.756194088923348,6,0,1,306.13599999999997
CC1(C)OC(=O)O1.O[PH](O)=S,-7.8873799999999825,0.7373999999999973,8.520399999999992,0.6421274738067222,0.6785235553605783,0.8965740218208804,0.7548249174785424,7,0,1,200.15200000000002
CC(C)(P(=O)(O)O)P(=O)(O)O,-7.701559999999967,0.8244999999999956,8.621660000000022,0.5069266589056607,0.7315931856401219,0.9560995109104367,0.7539957577279095,8,0,1,204.05499999999998
CP(C)(C)=O.O=P(O)(O)O,-7.795719999999972,0.962659999999995,8.406300000000002,0.5754365541326738,0.8157734395944486,0.8295005643340572,0.7491632238517596,9,0,1,190.072
CP(C)C.O=P(O)(O)O,-7.791999999999985,0.9171399999999961,8.432260000000012,0.5727299185098662,0.7880383124954267,0.8447610985703307,0.7461349087297202,10,0,1,174.073
O=S1(=O)CCC1.O[PH](O)=S,-8.036879999999988,0.7627199999999976,8.318920000000011,0.7509022118742479,0.6939509151617045,0.7781344055680757,0.744709700338016,11,0,1,204.209
O=P(O)(O)OP(=O)(O)O.O=P(O)(O)OP(=O)(O)O,-7.987779999999979,0.8490399999999946,8.270220000000002,0.7151775320139384,0.7465452950208334,0.7495062076749184,0.7383193311803989,12,0,1,355.946
C[Si]1(C)O[Si](C)(C)O1.O[PH](O)=S,-7.9741599999999835,0.7416399999999963,8.349179999999999,0.7052677532013689,0.6811069679023144,0.7959226862302193,0.7342814908231927,13,0,1,246.373
FC(F)(F)C(F)(F)S(F)(F)F.O=P(O)(O)OP(=O)(O)O,-7.75505999999998,0.8465999999999951,8.465139999999986,0.5458527357391985,0.7450586142185136,0.8640895410082372,0.7329092213906085,14,0,1,386.046
O=P(O)(O)O.O=P(O)(O)OP(=O)(O)O,-7.933439999999974,0.8870199999999947,8.258400000000007,0.6756402793946101,0.7696863347225225,0.7425578442437706,0.7306211219326479,15,0,1,275.967
C[Si]1(C)O[Si](C)(C)O[Si](C)(C)O1.O[PH](O)=S,-8.034079999999989,0.7046799999999963,8.286319999999984,0.7488649592549246,0.6585874095196282,0.7589705605718224,0.7258239348610949,16,0,1,320.52799999999996
BB(BOP(=O)(O)O)OP(=O)(O)O.c1ccc2nc3ccccc3nc2c1,-7.814139999999991,0.7095199999999976,8.480919999999992,0.588838766006961,0.6615363993078379,0.8733657825432299,0.7244588626117316,17,1,1,409.6420000000001
O=P(O)(O)OP(=O)(O)O.O=[PH](F)F,-7.665359999999975,0.9296999999999949,8.437420000000005,0.4805878928986811,0.7956910628549102,0.8477943942813875,0.7220014444386325,18,0,1,263.95
FC(F)C(F)(F)F.O=P(O)(O)OP(=O)(O)O,-7.8622199999999856,0.8660399999999949,8.297699999999988,0.6238213038416482,0.756903317004212,0.7656602708803275,0.7204814946058891,19,0,1,297.993
C[Si]1(C)O[Si](C)(C)O1.O=[PH](O)O,-7.794499999999981,0.7795199999999962,8.427600000000002,0.5745488940628318,0.7041870780629246,0.8420217268622734,0.7204294823826363,20,0,1,230.30499999999998
C1COCCO1.OP(O)(O)=S,-7.735039999999983,0.8492999999999968,8.425000000000006,0.5312863795110276,0.7467037118276394,0.8404933220466253,0.7195943562202503,21,0,1,202.168
O=P(O)(O)O.OP(O)(O)=S,-7.827719999999972,0.9857999999999951,8.223940000000006,0.5987194412106716,0.829872535400059,0.7223006019563369,0.717497833765754,22,0,1,212.05599999999998
BB(BOP(=O)(O)O)OP(=O)(O)O.c1ccc2ccccc2c1,-7.8158199999999916,0.7214399999999969,8.439099999999986,0.5900611175785562,0.6687992006044181,0.8487819789314885,0.7171708870274878,23,1,1,357.60600000000005
FC(F)(F)C(F)(F)F.O=P(O)(O)OP(=O)(O)O,-7.882099999999987,0.859939999999995,8.269299999999987,0.638285797438856,0.7531866149984117,0.7489653875093714,0.7170278787349289,24,0,1,315.98300000000006
C1COCCO1.O[PH](O)=S,-7.77257999999998,0.7792599999999967,8.423020000000013,0.5586001164144028,0.7040286612561203,0.8393293829947108,0.7145203864990413,25,0,1,186.169
O=S1(=O)OCCO1.OP(O)(O)=S,-7.850819999999982,0.779359999999998,8.341640000000018,0.6155267753201095,0.7040895907971998,0.7914903122648429,0.7124810347411299,26,0,1,238.179
FC(F)C(F)(F)F.O[PH](O)=S,-7.982839999999978,0.7803599999999972,8.215999999999994,0.711583236321272,0.7046988862079863,0.717633088788534,0.7119378722741911,27,0,1,218.08300000000003
CCP(C)(C)=O.O=P(O)(O)OP(=O)(O)O,-7.9005199999999824,0.7547199999999958,8.31206000000001,0.6516880093131254,0.6890765518754076,0.7741017682467808,0.7118700756552723,28,0,1,284.078
O=S1(=O)CCC1.OP(O)(O)=S,-7.948659999999983,0.7642999999999972,8.258300000000004,0.6867142025610891,0.6949136019107476,0.7424990594431664,0.7114879651188175,29,0,1,220.208
O=S1(=O)OCCCO1.OP(O)(O)=S,-7.829219999999997,0.7760999999999979,8.35686000000003,0.5998108265424715,0.7021032877580342,0.8004373589164677,0.7107491778567387,30,0,1,252.20600000000002
C1COCCO1.O=P(O)(O)OP(=O)(O)O,-7.774899999999985,0.7132599999999962,8.452380000000018,0.5602881257275607,0.6638151641441803,0.8565886004514471,0.7098664271421011,31,0,1,266.07899999999995
C1COCCO1.O=P(O)(O)OP(=O)(O)O,-7.774899999999985,0.7132599999999962,8.452380000000018,0.5602881257275607,0.6638151641441803,0.8565886004514471,0.7098664271421011,32,0,1,266.07899999999995
O=P(O)(O)OP(=O)(O)O.OP(O)(O)=S,-7.909839999999972,0.8883599999999948,8.187300000000006,0.6584691501745841,0.770502790572977,0.7007618510157805,0.7089963226305804,33,0,1,292.035
O[PH](O)=S.c1ccoc1,-7.93173999999999,0.8248199999999979,8.212320000000005,0.6744033760186028,0.7317881601715751,0.7154698081263895,0.7080453841076091,34,0,1,166.13799999999998
FC(F)(F)C(F)(F)S(F)(F)F.O=[PH](O)O,-7.58423999999998,0.8912999999999954,8.471599999999992,0.42156577415595997,0.7722941190806911,0.867887039127127,0.7053127836218461,35,0,1,290.068
COS(=O)(=O)OC.O=P(O)(O)OP(=O)(O)O,-7.589399999999978,0.8640999999999945,8.487340000000005,0.4253201396972859,0.7557212839072851,0.877139766741883,0.7051683337781245,36,0,1,304.106
CCOC(=O)OC.O[PH](O)=S,-7.87123999999999,0.7953199999999961,8.279160000000003,0.6303841676367625,0.7138139455533586,0.7547615688487337,0.7051640614965298,37,0,1,202.168
O=P(OC(F)(F)F)(OC(F)(F)F)OC(F)(F)F,-8.095439999999995,0.47153999999999907,8.320759999999977,0.7935098952269897,0.516536277448757,0.7792160458991315,0.7047002701623766,38,0,1,301.98499999999996
O[PH](O)=S.c1ccc2nc3ccccc3nc2c1,-7.945039999999993,0.7647799999999976,8.227820000000001,0.684080325960398,0.6952060637079256,0.7245814522196898,0.703618497788373,39,0,1,278.273
FC(F)(F)C(F)(F)F.O[PH](O)=S,-8.005099999999981,0.7604399999999968,8.171839999999996,0.7277793946449069,0.6925617216251096,0.6916737208427133,0.7027718232180903,40,0,1,236.07300000000004
CCOC(=O)OC.OP(O)(O)=S,-7.818119999999995,0.8157799999999968,8.299279999999998,0.5917345750872895,0.7262801296580603,0.766589070729844,0.7020400397155425,41,0,1,218.167
O=P(O)(O)OP(=O)(O)O.c1ccccc1,-7.861299999999994,0.7653199999999962,8.296140000000001,0.6231519208381622,0.6955350832297497,0.7647432279909445,0.7015033924167513,42,0,1,256.08700000000005
O=P(O)(O)OP(=O)(O)O.c1ccccc1,-7.861299999999994,0.7653199999999962,8.296140000000001,0.6231519208381622,0.6955350832297497,0.7647432279909445,0.7015033924167513,43,0,1,256.08700000000005
COS(=O)(=O)OC.O[PH](O)=S,-7.621399999999988,0.9055199999999954,8.409120000000014,0.4486030267752916,0.7809582998220818,0.8311582957110399,0.701331716263628,44,0,1,224.196
O=P(O)(O)O.O=P([O-])(F)F,-7.713799999999966,0.9684799999999951,8.270980000000009,0.5158323632129944,0.8193195388852288,0.7499529721594973,0.7005267594932658,45,0,1,198.96199999999996
COS(=O)(=O)OC.O=[PH](O)O,-7.531879999999975,0.9343399999999955,8.464700000000013,0.38346915017458283,0.7985181935609621,0.8638308878856051,0.7001285582749055,46,0,1,208.128
O=P(O)(O)OP(=O)(O)O.OB(O)O,-8.000719999999982,0.7556799999999962,8.166540000000014,0.7245925494761059,0.6896614754697634,0.68855812641082,0.6996994580480889,47,1,1,239.80600000000004
[Li][O]P(=O)(O)OP(=O)(O)O,-7.883079999999973,0.7517799999999962,8.276420000000021,0.6389988358556096,0.6872852233676943,0.753150865312251,0.6991455638918915,48,0,1,183.90599999999998
CC1COC(=O)O1.O[PH](O)=S,-7.781259999999992,0.8053399999999978,8.326120000000007,0.5649155995343182,0.7199190855694451,0.7823669112114136,0.6983971700156943,49,0,1,200.152
BB(BOP(=O)(O)O)OP(=O)(O)O.c1ccc2sccc2c1,-7.7246199999999945,0.7453199999999971,8.424699999999984,0.5237048894062637,0.6833491750140109,0.8403169676448057,0.6982430063840047,50,1,1,363.63500000000005
O=S1(=O)OCCCO1.O[PH](O)=S,-7.834359999999995,0.710539999999998,8.349320000000034,0.6035506402793729,0.6621578806268409,0.7960049849510833,0.6981145502522974,51,0,1,236.20700000000002
O=P(O)(O)OP(=O)(O)O.O=P([O-])(F)F,-7.697899999999975,0.8691999999999952,8.350620000000005,0.5042636786961205,0.7588286905022991,0.7967691873588914,0.6976353857030824,52,0,1,278.941
BB(O)O.O=P(O)(O)OP(=O)(O)O,-7.984379999999987,0.7616199999999961,8.168000000000015,0.7127037252619077,0.6932806902098378,0.6894163844996095,0.6975618784413675,53,1,1,235.627
F[B-](F)F.O=P(O)(O)OP(=O)(O)O,-7.946619999999972,0.7539199999999959,8.206660000000014,0.685229918509858,0.6885891155467782,0.7121425884123234,0.6970027455819202,54,1,1,245.77900000000002
BB(BOP(=O)(O)O)OP(=O)(O)O.c1ccoc1,-7.77685999999999,0.7394399999999971,8.372379999999993,0.5617142025610926,0.6797665179985836,0.8095607599698695,0.6962685201558507,55,1,1,297.507
O=P(O)(O)OP(=O)(O)O.c1ccsc1,-7.831759999999996,0.7900799999999963,8.278979999999995,0.6016589057042863,0.7106212376008351,0.7546557562076455,0.6955463454745946,56,0,1,262.11600000000004
O=P(O)(O)OP(=O)(O)O.c1ccsc1,-7.831759999999996,0.7900799999999963,8.278979999999995,0.6016589057042863,0.7106212376008351,0.7546557562076455,0.6955463454745946,57,0,1,262.11600000000004
O=P(O)(O)OP(=O)(O)O.c1ccoc1,-7.856959999999992,0.7835599999999968,8.259999999999996,0.6199941792782075,0.7066486315225043,0.7434984010533956,0.6953922036615718,58,0,1,246.04800000000003
O=P(O)(O)OP(=O)(O)O.c1ccoc1,-7.856959999999992,0.7835599999999968,8.259999999999996,0.6199941792782075,0.7066486315225043,0.7434984010533956,0.6953922036615718,59,0,1,246.04800000000003
O=P(O)(O)O.O=[PH](F)F,-7.524539999999974,1.0664799999999943,8.345080000000005,0.37812863795106555,0.8790304891423508,0.7935125094055424,0.6945527418902419,60,0,1,183.97099999999998
O=P(O)(O)OP(=O)(O)O.O=S1(=O)OCCO1,-7.8462799999999815,0.6885599999999973,8.338500000000012,0.6122235157159182,0.648765567497743,0.789644469525939,0.6941545127744739,61,0,1,302.09000000000015
O=P(O)(O)OP(=O)(O)O.O=S1(=O)OCCO1,-7.8462799999999815,0.6885599999999973,8.338500000000012,0.6122235157159182,0.648765567497743,0.789644469525939,0.6941545127744739,62,0,1,302.09000000000015
O=S1(=O)OCCO1.O[PH](O)=S,-7.862019999999982,0.7144399999999982,8.296500000000021,0.623675785797408,0.6645341327289102,0.7649548532731236,0.6924449168671449,63,0,1,222.18
BB(BOP(=O)(O)O)OP(=O)(O)O.c1ccsc1,-7.74175999999999,0.7525799999999973,8.377579999999995,0.536175785797413,0.6877726596963244,0.8126175696011719,0.69223156148859,64,1,1,313.575
CC1(C)OC(=O)O1.O=P(O)(O)OP(=O)(O)O,-7.835299999999985,0.6485799999999975,8.369139999999987,0.6042345750872826,0.6244059369744802,0.8076561324303624,0.6916546065906738,65,0,1,280.06199999999995
CC1(C)OC(=O)O1.O=P(O)(O)OP(=O)(O)O,-7.835299999999985,0.6485799999999975,8.369139999999987,0.6042345750872826,0.6244059369744802,0.8076561324303624,0.6916546065906738,66,0,1,280.06199999999995
C[Si]1(C)C=C[Si](C)(C)O1.O[PH](O)=S,-7.996659999999983,0.6345399999999972,8.229419999999994,0.7216385331780861,0.6158514294070311,0.7255220090293166,0.6914557923872618,67,0,1,256.412
C[PH](C)=O.O=S1(=O)CCC1,-8.201639999999989,0.2340000000000003,8.349880000000011,0.8707799767170918,0.37180424557042213,0.7963341798344405,0.6913089386200304,68,0,1,184.19699999999995
CC(C#N)C#N.O=P(O)(O)OP(=O)(O)O,-7.7712799999999875,0.8189799999999962,8.294580000000003,0.5576542491268643,0.7282298749725782,0.7638261851015553,0.691295711270455,69,0,1,258.063
OP(O)(O)=S.c1ccccc1,-7.825199999999993,0.940359999999997,8.148820000000004,0.5968859138532947,0.8021861519339005,0.6781414597441477,0.6909782036338177,70,0,1,192.17600000000002
O=[PH](O)O.O=[PH]1OCC(F)(F)CO1,-7.511299999999974,0.741779999999997,8.594300000000002,0.368495343422544,0.681192269259825,0.9400159894657305,0.690912679591003,71,0,1,240.03499999999994
CC1(C)OC(=O)O1.OP(O)(O)=S,-7.815959999999984,0.6860799999999977,8.354439999999988,0.5901629802095165,0.6472545148789915,0.7990147667418759,0.6908311552233029,72,0,1,216.151
CCOC(=O)OC.O=P(O)(O)OP(=O)(O)O,-7.838339999999983,0.7535999999999964,8.276620000000007,0.6064464493596908,0.6883941410153266,0.753268434913446,0.6897595510778837,73,0,1,282.078
CCOC(=O)OC.O=P(O)(O)OP(=O)(O)O,-7.838339999999983,0.7535999999999964,8.276620000000007,0.6064464493596908,0.6883941410153266,0.753268434913446,0.6897595510778837,74,0,1,282.078
CP(=O)(O)O.FC(F)(F)C(F)(F)S(F)(F)F,-7.569719999999973,0.8204599999999961,8.473939999999992,0.411001164144313,0.7291316321805429,0.8692626034612134,0.6897448802819421,75,0,1,304.09499999999997
O=P(O)(O)OP(=O)(O)O.O=S1(=O)CCC1,-7.934859999999989,0.6576399999999967,8.261500000000009,0.6766734575087066,0.6299261533962096,0.7443801730624324,0.6897319524964478,76,0,1,284.1190000000001
O=P(O)(O)OP(=O)(O)O.O=S1(=O)CCC1,-7.934859999999989,0.6576399999999967,8.261500000000009,0.6766734575087066,0.6299261533962096,0.7443801730624324,0.6897319524964478,77,0,1,284.1190000000001
CCP(C)(C)=O.O=P(O)(O)O,-7.737259999999982,0.8671999999999962,8.281260000000009,0.5329016298020637,0.7576100996807257,0.7559960496613778,0.6895519387093879,78,0,1,204.099
C[Si]1(C)O[Si](C)(C)O[Si](C)(C)O1.O=[PH](O)O,-7.82825999999998,0.7054399999999963,8.311379999999977,0.5991123399301186,0.6590504740318263,0.7737020316026681,0.6869296568296508,79,0,1,304.4599999999999
F[B-](F)F.O=P(O)(O)O,-7.836659999999971,0.865659999999996,8.17660000000002,0.6052240977880867,0.7566717847481136,0.69447187735138,0.6863575157014121,80,1,1,165.80000000000004
BB(BOP(=O)(O)O)OP(=O)(O)O.c1ccccc1,-7.743599999999991,0.7149999999999973,8.377199999999991,0.5375145518043984,0.6648753381589503,0.8123941873588825,0.6856746419325576,81,1,1,307.546
CP(=O)(O)O.O=[PH]1OCC(F)(F)CO1,-7.517159999999978,0.7932599999999964,8.524199999999999,0.3727590221187054,0.7125587970071376,0.898807844243759,0.6851184834352566,82,0,1,254.06199999999993
CCOC.O[PH](O)=S,-7.929859999999986,0.7729199999999966,8.15432,0.6730355064027673,0.7001657283517309,0.6813746237772529,0.6845102199372506,83,0,1,158.159
O=P(O)(O)OP(=O)(O)O.O=[PH](Cl)Cl,-7.692979999999973,0.8512399999999953,8.312160000000004,0.5006839348078769,0.7478857449245652,0.7741605530473796,0.6842351251386845,84,0,1,296.86
C[PH](C)=O.C[Si]1(C)O[Si](C)(C)O[Si](C)(C)O1,-8.208120000000001,0.1802000000000002,8.352339999999982,0.875494761350395,0.33902415247008333,0.7977802859292318,0.6834677885178362,85,0,1,300.516
CC1(C)OC(=O)O1.CP(=O)(O)O,-7.576419999999972,0.7331999999999974,8.508299999999991,0.41587601862626844,0.6759645146352732,0.8894610609480438,0.68333658435768,86,0,1,198.111
CC1(C)OC(=O)O1.CP(=O)(O)O,-7.576419999999972,0.7331999999999974,8.508299999999991,0.41587601862626844,0.6759645146352732,0.8894610609480438,0.68333658435768,87,0,1,198.111
COS(=O)(=O)OC.O=[PH](F)F,-7.7281999999999895,0.5953199999999995,8.471720000000015,0.526309662398111,0.5919548633959677,0.8679575808878637,0.682662390093369,88,0,1,212.10999999999996
CN(C)P(=N)(N(C)C)N(C)C.O=P(O)(O)O,-7.594479999999983,0.8679999999999949,8.379400000000011,0.42901629802092156,0.7580975360093545,0.813687452972137,0.6816091313979376,89,0,1,276.214
B1OCCO1.CC(C#N)C#N,-7.903419999999989,0.4200999999999989,8.439919999999994,0.6537980209545733,0.48519412151787544,0.8492640142964296,0.6814032484603065,90,1,0,151.962
CC1(C)OC(=O)O1.O=[PH](O)O,-7.638199999999982,0.6962399999999979,8.468279999999991,0.4608265424912359,0.6534449562525871,0.865935383747142,0.6806556031220037,91,0,1,184.084
CC1(C)OC(=O)O1.O=[PH](O)O,-7.638199999999982,0.6962399999999979,8.468279999999991,0.4608265424912359,0.6534449562525871,0.865935383747142,0.6806556031220037,92,0,1,184.084
COS(=O)(=O)OC.CP(=O)(O)O,-7.523579999999973,0.9436599999999953,8.381900000000012,0.37743015133872504,0.8041968267894964,0.8151570729871871,0.6805509226333413,93,0,1,222.15499999999997
CN(C)P(=N)(N(C)C)N(C)C,-7.921099999999985,0.4830399999999974,8.370720000000023,0.6666618160651643,0.5235431746728061,0.8085849322798948,0.6804954701333491,94,0,1,178.22
B1OCCO1.BB(BOP(=O)(O)O)OP(=O)(O)O,-7.734859999999978,0.6296999999999977,8.42828,0.5311554132712111,0.6129024396188225,0.8424214635063665,0.6801859412695567,95,1,1,301.304
O=P(O)(O)O.O=[PH](O)O,-7.620079999999967,0.9915999999999947,8.252040000000012,0.4476426076833082,0.8334064487826232,0.7388191309254886,0.6798423693099749,96,0,1,179.989
BBO.O=P(O)(O)OP(=O)(O)O,-7.951019999999984,0.7359399999999967,8.143140000000013,0.6884313154830917,0.677633984060829,0.6748024830699624,0.6797405830911611,97,1,1,219.628
CN(C)[PH](=N)N(C)C.O=P(O)(O)O,-7.518039999999987,0.9385199999999954,8.387140000000016,0.37339930151335654,0.8010650483780515,0.8182373965387315,0.679634263582915,98,0,1,233.145
O=P(O)(O)OP(=O)(O)O.O=[PH](O)CP(=O)(O)O,-7.730639999999965,0.789679999999995,8.302940000000012,0.5280849825377905,0.7103775194365195,0.7687405944318835,0.6790349883650464,99,0,1,337.975
O=P(O)(O)OP(=O)(O)O.O=[PH](O)OP(=O)(O)O,-7.755799999999968,0.8370399999999949,8.242760000000004,0.546391152502868,0.73923375009139,0.7333639014296232,0.6790330313501267,100,0,1,339.94700000000006
FC(F)(F)C(F)(F)C(F)(F)F.O=P(O)(O)OP(=O)(O)O,-7.774939999999983,0.862019999999995,8.204999999999982,0.5603172293364072,0.7544539494528485,0.7111667607223131,0.678898057925702,101,0,1,365.99
CP(C)(C)=O.O=S1(=O)CCC1,-8.212979999999993,0.2802800000000005,8.25038,0.8790308498253596,0.40000243718164297,0.7378433032354899,0.6788473073962967,102,0,1,198.22399999999993
O=P(O)(O)OP(=O)(O)O.O=[PH](O)O,-7.702159999999967,0.8933399999999947,8.245040000000008,0.5073632130383734,0.7735370817186961,0.7347041948833501,0.6781517663804609,103,0,1,259.968
FC(F)(F)C(F)(F)S(F)(F)F.O=C1OBOC1=O,-7.896779999999987,0.5519599999999982,8.328699999999984,0.648966821885888,0.5655358143842442,0.78388355906693,0.6779042145078116,104,1,0,307.911
O[PH](O)=S.c1ccccc1,-7.967839999999994,0.7320999999999979,8.121920000000003,0.700669383003472,0.6752942896834078,0.6623283483822213,0.6777204411589525,105,0,1,176.177
O=S1(=O)CCC1.O=[PH](O)CP(=O)(O)O,-7.660779999999979,0.7805199999999964,8.369100000000008,0.477255529685646,0.7047963734737117,0.8076326185101346,0.6776686183518611,106,0,1,266.14799999999997
O=P(O)(O)OP(=O)(O)O.O=S1(=O)OCCCO1,-7.806899999999993,0.6709599999999972,8.31766000000002,0.5835710128055647,0.6380419682678924,0.7773937170804954,0.6774413811542352,107,0,1,316.1170000000002
O=P(O)(O)OP(=O)(O)O.O=S1(=O)OCCCO1,-7.806899999999993,0.6709599999999972,8.31766000000002,0.5835710128055647,0.6380419682678924,0.7773937170804954,0.6774413811542352,108,0,1,316.1170000000002
CC(=O)OBOC(C)=O.c1ccoc1,-7.764139999999999,0.6685199999999969,8.356559999999977,0.5524592549475944,0.636555287465572,0.8002610045146312,0.6768087645298024,109,1,0,197.983
CN(C)P(=N)(N(C)C)N(C)C.O=P(O)(O)OP(=O)(O)O,-7.640319999999986,0.7929199999999955,8.373740000000003,0.46236903376015626,0.7123516365674695,0.810360233258062,0.6765602944015126,110,0,1,356.19300000000004
CC(C#N)C#N.O[PH](O)=S,-7.759699999999987,0.9260199999999963,8.156600000000006,0.5492287543655134,0.793448855743215,0.6827149172309808,0.6758892499250109,111,0,1,178.15300000000002
O=P(O)(O)OP(=O)(O)O.c1cnoc1,-7.762479999999986,0.8019399999999968,8.250420000000004,0.551251455180414,0.7178474811727686,0.7378668171557328,0.6758764077682479,112,0,1,247.03600000000003
O=P(O)(O)O.O=[PH](O)OP(=O)(O)O,-7.624519999999966,0.9041199999999949,8.29822000000001,0.4508731082653803,0.7801052862469796,0.7659659518434703,0.675679899091096,113,0,1,259.96799999999996
C[P+](C)C.C[Si]1(C)O[Si](C)(C)O[Si](C)(C)O1,-8.260860000000019,0.07072000000000003,8.35503999999998,0.9138678696158333,0.27231849089712634,0.7993674755454823,0.6756028983720808,114,0,1,298.54400000000004
O[PH](O)=S.c1cc[nH]c1,-7.837659999999985,0.8621999999999975,8.132300000000008,0.6059516880092852,0.7545636226267917,0.6684302106847069,0.6755266774647057,115,0,1,165.154
C1CCOOC1.O[PH](O)=S,-7.758859999999982,0.7573199999999973,8.28624000000001,0.5486175785797123,0.6906607199434547,0.7589235327313562,0.6753529026494925,116,0,1,186.169
O=P(O)(O)O.O=[PH](O)CP(=O)(O)O,-7.635779999999964,0.8235799999999948,8.348140000000017,0.45906577415594896,0.7310326338621974,0.7953113243039693,0.6751540521270317,117,0,1,257.996
C[PH](C)=O.FC(F)(F)C(F)(F)S(F)(F)F,-7.942539999999984,0.24376000000000034,8.51321999999999,0.6822613504074226,0.37775096877970293,0.8923532731376591,0.6749450050112014,118,0,1,286.12399999999997
C[P+](C)(C)C.O=P(O)(O)OP(=O)(O)O,-7.919859999999983,0.7421599999999953,8.14264,0.6657596041908906,0.6814238015159231,0.6745085590669451,0.6739584453388221,119,0,1,269.087
O=C1OCC(F)(F)O1.O[PH](O)=S,-7.6875799999999845,0.8469999999999975,8.276239999999992,0.49675494761347316,0.7453023323828298,0.7530450526711503,0.6738352050673511,120,0,1,222.10500000000002
O=P(O)(O)O.OB(O)O,-7.845619999999981,0.824839999999996,8.146480000000022,0.6117433061699336,0.7318003460797897,0.6767658954100728,0.673769453838946,121,1,1,159.827
BB(BOP(=O)(O)O)OP(=O)(O)O.CC(C#N)C#N,-7.707039999999983,0.7251399999999969,8.35245999999999,0.5109138533177804,0.6710535936243299,0.7978508276899587,0.6737305651586166,122,1,1,309.52200000000005
CCOC(=O)OC(C)C.O=P(O)(O)OP(=O)(O)O,-7.769539999999982,0.7338199999999969,8.287619999999999,0.5563882421419946,0.6763422777899607,0.7597347629796563,0.6737130611714491,123,0,1,310.132
OP(O)(O)=S.c1ccoc1,-7.75921999999999,0.9251399999999974,8.147739999999992,0.5488795110593454,0.7929126757817232,0.6775065838976397,0.6735402896113765,124,0,1,182.137
FC(F)(F)C(F)(F)S(F)(F)F.F[B-](F)F,-8.01283999999998,0.2092200000000003,8.467899999999991,0.7334109429568958,0.3567059052911211,0.8657120015048543,0.6733198550763468,125,1,0,275.87899999999996
O=P(O)(O)OP(=O)(O)O.OB1OBO1,-7.926439999999988,0.6840599999999969,8.178840000000013,0.6705471478463076,0.6460237381492013,0.6957886568848597,0.6732867285525965,126,1,1,249.61000000000004
C1COCCO1.CC(=O)OBOC(C)=O,-7.7103199999999825,0.6112199999999973,8.435839999999978,0.5133003492432744,0.6016426604274792,0.8468655944318604,0.6732291406739702,127,1,0,218.01399999999998
C1COCCO1.O=[PH](O)CP(=O)(O)O,-7.558899999999973,0.754979999999996,8.464480000000016,0.403128637951065,0.6892349686822123,0.863701561324282,0.6731897065196961,128,0,1,248.10799999999998
B1OCCO1.CC(=O)OBOC(C)=O,-7.697219999999983,0.5979799999999973,8.457699999999981,0.5037689173457194,0.5935755891886597,0.8597159518434498,0.6730897326976937,129,1,0,201.78
C1CSC1.O=P(O)(O)OP(=O)(O)O,-7.917059999999987,0.720979999999996,8.15716,0.6637223515715691,0.6685189247154555,0.6830441121143478,0.6728900277318466,130,0,1,252.121
BC.O=P(O)(O)OP(=O)(O)O,-7.840239999999978,0.7702599999999957,8.190160000000015,0.6078288707799437,0.6985450025590371,0.7024430963130017,0.6728894005268948,131,1,1,205.83599999999998
CC(=O)OBOC(C)=O.COCC(C)COC,-7.721939999999991,0.666799999999997,8.380319999999978,0.5217549476134788,0.6355072993590184,0.8142282731376556,0.6728699833468115,132,1,0,248.08399999999995
O=P(O)(O)OP(=O)(O)O.O=[PH]1OCC(F)(F)CO1,-7.467779999999973,0.7219999999999964,8.573139999999995,0.33683061699646544,0.6691404060344586,0.9275771256583534,0.6728221571726185,133,0,1,336.01300000000003
BB(BOP(=O)(O)O)OP(=O)(O)O.c1ccc2scnc2c1,-7.71985999999999,0.7247199999999975,8.336439999999989,0.5202415599534076,0.6707976895517997,0.7884335026335245,0.672685175904972,134,1,1,364.62300000000005
C1CSC1.O[PH](O)=S,-7.966259999999979,0.7415999999999978,8.090939999999998,0.6995197904539845,0.6810825960858838,0.6441168171557337,0.6718274428242539,135,0,1,172.211
CCOP(=O)(OCC)OCC,-7.650520000000029,0.7045000000000009,8.411720000000052,0.46979045401629893,0.6584777363456894,0.8326867005267129,0.6715551373192817,136,0,1,182.15599999999998
C[P+](C)(C)C.O=P(O)(O)O,-7.7886399999999805,0.8830199999999961,8.143879999999998,0.5702852153666731,0.7672491530793755,0.6752374905944079,0.6713553067715777,137,0,1,189.108
BC.CC(C#N)C#N,-7.950059999999998,0.4778199999999979,8.308919999999997,0.6877328288707618,0.5203626526284983,0.7722559255078716,0.6713310146529268,138,1,0,107.953
C[Si]1(C)O[Si](C)(C)O[Si](C)(C)O1.O=C1OBOC1=O,-7.974159999999995,0.5705999999999977,8.214259999999983,0.7052677532013778,0.5768930808413129,0.716610233258054,0.6712923435160287,139,1,0,322.303
O=[PH]1OCC(F)(F)CO1.O[PH](O)=S,-7.502479999999981,0.7647399999999971,8.500999999999992,0.36207799767167526,0.6951816918914938,0.8851697705041017,0.6712458150705913,140,0,1,256.103
BBO.O=S(=O)(c1ccccc1)c1ccccc1,-8.179340000000003,0.27184000000000036,8.255599999999989,0.854554714784622,0.39485998391460086,0.7409118698269053,0.671189157540529,141,1,0,259.932
CP(C)C.C[Si]1(C)O[Si](C)(C)O[Si](C)(C)O1,-8.267380000000015,0.04956000000000004,8.344019999999977,0.9186117578579731,0.2594258000048742,0.7928893905191456,0.6705670235665124,142,0,1,298.54400000000004
BC.O=S1(=O)OCCCO1,-8.054040000000004,0.2895400000000005,8.35384000000004,0.7633876600698368,0.40564451268553026,0.7986620579382953,0.6701744750019282,143,1,0,166.00699999999998
BC.O=S1(=O)OCCCO1,-8.054040000000004,0.2895400000000005,8.35384000000004,0.7633876600698368,0.40564451268553026,0.7986620579382953,0.6701744750019282,144,1,0,166.00699999999998
FC(F)(F)C(F)(F)C(F)(F)F.O[PH](O)=S,-7.933939999999984,0.7137399999999967,8.135419999999982,0.6760040745052107,0.6641076259413584,0.6702642964634729,0.6701392287193599,145,0,1,286.08
CC(=O)OBOC(C)=O.COC(=O)OC,-7.72659999999998,0.6302199999999969,8.39121999999998,0.5251455180442042,0.6132192732324312,0.8206358164032697,0.6697637639442984,146,1,0,219.98599999999996
CC(=O)OBOC(C)=O.CCOC(=O)OC,-7.719879999999979,0.6579199999999967,8.374979999999976,0.5202561117578242,0.6300967561112301,0.8110891647855105,0.6695415262749205,147,1,0,234.01299999999995
BB(BOP(=O)(O)O)OP(=O)(O)O.COC(=O)OC,-7.760639999999982,0.7169799999999971,8.29065999999999,0.5499126891734258,0.6660817430723084,0.7615218209179506,0.6694070580409006,148,1,1,319.5100000000001
O=P(O)(O)O.OB1OBO1,-7.886799999999988,0.6795799999999976,8.201720000000021,0.6417054714784376,0.6432940947088762,0.7092386192625915,0.6691953175612306,149,1,1,169.631
FC(F)C(F)(F)F.O=[PH](O)O,-7.587339999999978,0.9352599999999961,8.280579999999995,0.4238213038416401,0.7990787453388865,0.7555963130172767,0.6691085399610686,150,0,1,202.01500000000001
BBr.O=S1(=O)OCCCO1,-8.062180000000005,0.24900000000000067,8.373100000000042,0.7693102444703035,0.38094367673222684,0.8099840105342322,0.6690697805744519,151,1,0,230.87599999999995
O[PH](O)=S.c1ccsc1,-7.883559999999993,0.7778199999999983,8.126800000000001,0.6393480791617936,0.703151275864588,0.6651970466515955,0.6688286251685527,152,0,1,182.206
OB(O)c1cccc2ccccc12,-8.167300000000042,0.11835999999999945,8.375700000000018,0.8457945285215533,0.301345324267017,0.8115124153498687,0.6687469219765185,153,1,0,171.992
BB(BOP(=O)(O)O)OP(=O)(O)O.C1COCCO1,-7.679999999999975,0.6314399999999974,8.428979999999992,0.49123981373686565,0.6139626136335916,0.8428329571105744,0.6686939110553669,154,1,1,317.5380000000001
O=C1OBOC1=O.c1ccsc1,-7.962619999999996,0.6013399999999985,8.188660000000004,0.6968713620488751,0.5956228217689047,0.7015613243039658,0.6683727848669203,155,1,0,183.981
O=P(O)(O)C(F)(F)F,-7.461839999999979,1.081259999999996,8.279720000000003,0.33250873108261736,0.8880358753137831,0.7550907637321043,0.6681996874117618,156,0,1,149.992
FC(F)(F)P(=O)(O)O,-7.461839999999979,1.081259999999996,8.279720000000003,0.33250873108261736,0.8880358753137831,0.7550907637321043,0.6681996874117618,157,0,1,149.99200000000002
BB(BOP(=O)(O)O)OP(=O)(O)O.C[Si]1(C)O[Si](C)(C)O1,-7.78723999999998,0.6158799999999972,8.33891999999999,0.5692665890570101,0.6044819770417463,0.7898913656884536,0.6680811161050084,158,1,1,377.74200000000013
O[PH](O)=S.c1cnoc1,-7.707579999999984,0.932939999999997,8.165220000000003,0.5113067520372221,0.7976651799858613,0.6877821670428679,0.6678044464240722,159,0,1,167.12599999999998
C[Si]1(C)C=C[Si](C)(C)O1.O=C1OBOC1=O,-7.938079999999998,0.5685999999999977,8.23361999999999,0.6790162980209367,0.5756744900197389,0.727990970654596,0.6676036246740411,160,1,0,258.18699999999995
C[Si]1(C)C=C[Si](C)(C)O1.O=P(O)(O)OP(=O)(O)O,-7.859399999999984,0.6424799999999963,8.248859999999983,0.6217694994178986,0.620689234968679,0.7369497742663302,0.6675175300225054,161,0,1,336.322
BB(BOP(=O)(O)O)OP(=O)(O)O.C1COOC1,-7.6763999999999735,0.6440999999999972,8.41743999999999,0.4886204889405894,0.6216762935341544,0.8360491911211083,0.6675087111908664,162,1,1,303.5110000000001
C[P+](C)C.FC(F)(F)C(F)(F)S(F)(F)F,-7.991939999999988,0.12915999999999986,8.524399999999995,0.7182043073340854,0.3079257147035165,0.8989254138449603,0.6674091721492648,163,0,1,284.152
CP(=O)(O)O.C[Si]1(C)O[Si](C)(C)O[Si](C)(C)O1,-7.76133999999998,0.729939999999996,8.270099999999974,0.550422002328256,0.6739782115961068,0.7494356659141799,0.6670943305429808,164,0,1,318.487
BB(BOP(=O)(O)O)OP(=O)(O)O.C[Si]1(C)O[Si](C)(C)O[Si](C)(C)O1,-7.79759999999998,0.6208599999999971,8.321019999999988,0.5768044237485119,0.6075162681874653,0.7793688863807029,0.6670437621330744,165,1,1,451.8970000000002
BB(O)O.O=P(O)(O)O,-7.7776199999999855,0.841499999999996,8.16772000000002,0.5622671711291911,0.7419512076235006,0.6892517870579269,0.6669662284489783,166,1,1,155.64800000000002
BB(BOP(=O)(O)O)OP(=O)(O)O.FC(F)(F)C(F)(F)F,-7.675619999999978,0.7608599999999963,8.324239999999987,0.48805296856806724,0.6928176256976399,0.7812617569600855,0.6667658810637463,167,1,1,367.44199999999995
CCOP(=O)(F)OCC.O=P(O)(O)O,-7.740259999999993,0.6763999999999977,8.328420000000003,0.5350844004656343,0.6413565353025737,0.7837189616252562,0.6664198653805649,168,0,1,254.087
FC(F)(F)OC(F)(F)C(F)(F)F.O=P(O)(O)OP(=O)(O)O,-7.742199999999985,0.812119999999996,8.220699999999981,0.5364959254947319,0.7240501084545795,0.7203959744168191,0.666322199951521,169,0,1,381.989
CC1(C)OC(=O)O1.O=[PH](O)CP(=O)(O)O,-7.628979999999974,0.6471999999999974,8.453339999999994,0.4541181606518814,0.6235651093075942,0.8571529345372113,0.6661661548027272,170,0,1,262.09099999999995
FC(F)(F)OC(F)(F)C(F)(F)F.O[PH](O)=S,-7.936099999999983,0.7032599999999972,8.124299999999987,0.6775756693829749,0.6577222100363113,0.6637274266365392,0.6660803344804015,171,0,1,302.07899999999995
BBr.O=S1(=O)CCC1,-8.185199999999984,0.19679999999999992,8.28628000000001,0.8588183934807665,0.3491384562891468,0.7589470466515973,0.665965873591613,172,1,0,198.87799999999996
C1COCCO1.O=C1OBOC1=O,-7.94143999999998,0.6248599999999978,8.177160000000004,0.6814610011641129,0.6099534498306136,0.6948010722347417,0.6653447641923147,173,1,0,187.944
C1COCCO1.O=[PH](O)O,-7.4962799999999765,0.8092999999999969,8.446540000000004,0.3575669383003106,0.7223318953961608,0.8531555680962848,0.6652318773474554,174,0,1,170.101
C1COCCO1.O=[PH](O)O,-7.4962799999999765,0.8092999999999969,8.446540000000004,0.3575669383003106,0.7223318953961608,0.8531555680962848,0.6652318773474554,175,0,1,170.101
C[PH](C)=O.C[Si]1(C)O[Si](C)(C)O1,-8.204159999999996,0.08019999999999998,8.356059999999992,0.8726135040744891,0.27809461139138675,0.7999670805116299,0.6651992668444147,176,0,1,226.36099999999996
CC1(C)OC(=O)O1.O=[PH](O)OP(=O)(O)O,-7.598799999999974,0.6812199999999972,8.45063999999999,0.43215948777644453,0.6442933391825666,0.8555657449209564,0.6651621460560859,177,0,1,264.063
O=S(=O)(c1ccccc1)c1ccccc1.OP(O)(O)=S,-7.860400000000006,0.7715399999999967,8.13687999999999,0.6224970896391024,0.6993249006848449,0.6711225545522668,0.664995618918091,178,0,1,332.339
FC(F)(F)C(F)(F)F.O=[PH](O)O,-7.640519999999984,0.9118199999999956,8.231619999999992,0.46251455180439205,0.7847968609100398,0.7268152746425587,0.6649195336713529,179,0,1,220.00500000000002
O=P(O)(O)O.O=[PH](Cl)Cl,-7.54377999999998,1.0084399999999951,8.246159999999998,0.39212747380671686,0.8436669835002759,0.735362584650086,0.6648833710521322,180,0,1,216.881
BB(BOP(=O)(O)O)OP(=O)(O)O.FC(F)C(F)(F)F,-7.667639999999978,0.7672399999999963,8.31859999999999,0.4822467986029917,0.6967049304184607,0.7779462942061368,0.6648640363888905,181,1,1,349.45199999999994
O=S1(=O)CCC1.O=[PH](O)O,-7.637639999999973,0.7930399999999971,8.325120000000013,0.4604190919673643,0.7124247520167649,0.7817790632053976,0.6645647784773978,182,0,1,188.14100000000002
O=S1(=O)CCC1.O=[PH](O)O,-7.637639999999973,0.7930399999999971,8.325120000000013,0.4604190919673643,0.7124247520167649,0.7817790632053976,0.6645647784773978,183,0,1,188.14100000000002
CC(=O)OBOC(C)=O.c1cnccn1,-7.743199999999994,0.682439999999997,8.311839999999977,0.5372235157159251,0.6450366795837266,0.7739724416854372,0.6642670352640704,184,1,0,209.99800000000002
FC(F)(F)C(F)(F)S(F)(F)F.OB(O)OB(O)O,-7.8282999999999845,0.40477999999999953,8.448559999999992,0.5991414435389695,0.4758597158246195,0.8543430210684368,0.6642375562364514,185,1,0,313.72400000000005
F[B-](F)F.O=S1(=O)CCC1,-8.243299999999985,0.0684,8.324580000000005,0.9010913853317577,0.27090492554410056,0.7814616252821418,0.6641835433756142,186,1,0,173.95199999999997
F[B-](F)F.O=S1(=O)CCC1,-8.243299999999985,0.0684,8.324580000000005,0.9010913853317577,0.27090492554410056,0.7814616252821418,0.6641835433756142,187,1,0,173.95199999999997
O[PH](O)=S.c1ccc2ccccc2c1,-8.000119999999994,0.6745999999999983,8.078480000000003,0.724155995343402,0.6402598035631576,0.636792231000733,0.6640416320722611,188,0,1,226.237
CN(C)[PH](=N)N(C)C.O=P(O)(O)OP(=O)(O)O,-7.579199999999977,0.8105799999999954,8.362500000000015,0.4178987194411734,0.7231117935219672,0.8037528216704093,0.6638042825571059,189,0,1,313.124
CCS(C)(=O)=O.O=P(O)(O)OP(=O)(O)O,-7.857999999999987,0.7436799999999959,8.15502,0.6207508731082392,0.6823499305403196,0.681786117381467,0.6636446880471545,190,0,1,286.135
BB(BOP(=O)(O)O)OP(=O)(O)O.C[Si]1(C)C=C[Si](C)(C)O1,-7.7760199999999795,0.6057799999999973,8.33811999999999,0.561103026775287,0.598328093392798,0.789421087283638,0.6635977709638807,191,1,1,387.7810000000001
CP(=O)(O)O.O=P(O)(O)O,-7.577019999999957,0.926359999999995,8.271240000000011,0.4163125727589696,0.7936560161828817,0.7501058126410642,0.6630329017389811,192,0,1,194.016
CCS(C)(=O)=O.OP(O)(O)=S,-7.846099999999989,0.8653599999999971,8.06858,0.6120925494761096,0.7564889961248783,0.6309725357411384,0.6629634779767517,193,0,1,222.224
FC(F)(F)C(F)(F)C(F)(F)C(F)(F)F.O[PH](O)=S,-7.9054399999999925,0.7446199999999966,8.106919999999981,0.6552677532013744,0.6829226682264598,0.6535106282919152,0.6628613777451163,194,0,1,336.087
O[PH](O)=S.c1ccc2scnc2c1,-7.919380000000001,0.7636799999999981,8.07782,0.6654103608847342,0.6945358387560603,0.6364042513167574,0.6625455604189412,195,0,1,233.254
CCOC(=O)OCC.O[PH](O)=S,-7.898159999999988,0.7239999999999962,8.128160000000006,0.6499708963911273,0.6703589968560323,0.6659965199397853,0.662497575950062,196,0,1,216.19500000000002
CCC#N.O[PH](O)=S,-7.761939999999991,0.8762199999999971,8.134660000000004,0.5508585564609767,0.7631059442860246,0.6698175319789108,0.6621163630156648,197,0,1,153.14299999999997
CN(C)[PH](=N)N(C)C,-7.855679999999969,0.4251199999999989,8.397640000000012,0.6190628637950706,0.48825278448002596,0.8244098006019334,0.6619586147233023,198,0,1,135.151
C1CNCN1.CC(=O)OBOC(C)=O,-7.650959999999984,0.6396399999999972,8.420279999999979,0.47011059371358943,0.6189588360020446,0.837718679458197,0.6618083006979689,199,1,0,202.01899999999998
CC(=O)OBOC(C)=O.O=C1CCN1,-7.646179999999985,0.6269199999999973,8.433159999999981,0.4666327124563141,0.6112085983768344,0.84529016177573,0.6614684579602366,200,1,0,200.98699999999997
